variant_id,gene,protein,am_pathogenicity,clinvar_label
BRCA1_E1413K,BRCA1,E1413K,0.0787,VUS
BRCA1_K1793N,BRCA1,K1793N,0.4166,other
BRCA1_E1066K,BRCA1,E1066K,0.1043,other
BRCA1_H1284Y,BRCA1,H1284Y,0.0807,unknown
BRCA1_S1551C,BRCA1,S1551C,0.1098,unknown
BRCA1_L1365F,BRCA1,L1365F,0.1381,unknown
BRCA1_G1825R,BRCA1,G1825R,0.1867,other
BRCA1_Q1240L,BRCA1,Q1240L,0.1018,unknown
BRCA1_S1569G,BRCA1,S1569G,0.1462,VUS
BRCA1_R296K,BRCA1,R296K,0.1105,VUS
BRCA1_T1485S,BRCA1,T1485S,0.1033,VUS
BRCA1_T710I,BRCA1,T710I,0.1689,other
BRCA1_S1360N,BRCA1,S1360N,0.0891,other
BRCA1_V1378I,BRCA1,V1378I,0.0686,benign
BRCA1_A1308S,BRCA1,A1308S,0.0878,unknown
BRCA1_L182S,BRCA1,L182S,0.7377,unknown
BRCA1_G200R,BRCA1,G200R,0.1054,unknown
BRCA1_K608N,BRCA1,K608N,0.2453,VUS
BRCA1_R1751Q,BRCA1,R1751Q,0.1842,benign
BRCA1_T236I,BRCA1,T236I,0.1101,other
BRCA1_R841W,BRCA1,R841W,0.0844,benign
BRCA1_E648Q,BRCA1,E648Q,0.1696,VUS
BRCA1_R1762M,BRCA1,R1762M,0.1332,other
BRCA1_G535R,BRCA1,G535R,0.1511,other
BRCA1_A1708P,BRCA1,A1708P,0.9758,other
BRCA1_T843A,BRCA1,T843A,0.0829,other
BRCA1_E111K,BRCA1,E111K,0.0828,VUS
BRCA1_S1499F,BRCA1,S1499F,0.1296,VUS
BRCA1_Q380E,BRCA1,Q380E,0.121,unknown
BRCA1_E1053K,BRCA1,E1053K,0.1453,unknown
BRCA1_P1315S,BRCA1,P1315S,0.0897,unknown
BRCA1_L1705V,BRCA1,L1705V,0.3001,other
BRCA1_K520N,BRCA1,K520N,0.462,unknown
BRCA1_D120A,BRCA1,D120A,0.1271,unknown
BRCA1_E1214D,BRCA1,E1214D,0.1174,other
BRCA1_L1517V,BRCA1,L1517V,0.0864,VUS
BRCA1_D1757E,BRCA1,D1757E,0.1154,VUS
BRCA1_E1214K,BRCA1,E1214K,0.1596,benign
BRCA1_G1138E,BRCA1,G1138E,0.1002,other
BRCA1_S267L,BRCA1,S267L,0.1649,VUS
BRCA1_N1016I,BRCA1,N1016I,0.1489,unknown
BRCA1_Q1356E,BRCA1,Q1356E,0.0572,VUS
BRCA1_S1292F,BRCA1,S1292F,0.2308,unknown
BRCA1_S561F,BRCA1,S561F,0.1109,unknown
BRCA1_D642H,BRCA1,D642H,0.318,benign
BRCA1_D430N,BRCA1,D430N,0.0953,unknown
BRCA1_E1754Q,BRCA1,E1754Q,0.1232,other
BRCA1_Q1395E,BRCA1,Q1395E,0.1223,VUS
BRCA1_G1543V,BRCA1,G1543V,0.083,unknown
BRCA1_T77M,BRCA1,T77M,0.1585,other
BRCA1_P334S,BRCA1,P334S,0.1037,VUS
BRCA1_I373L,BRCA1,I373L,0.1003,other
BRCA1_E1836K,BRCA1,E1836K,0.894,other
BRCA1_S426L,BRCA1,S426L,0.1065,other
BRCA1_E1185Q,BRCA1,E1185Q,0.0939,unknown
BRCA1_S1434N,BRCA1,S1434N,0.1238,VUS
BRCA1_S770L,BRCA1,S770L,0.0878,VUS
BRCA1_K1208T,BRCA1,K1208T,0.1731,unknown
BRCA1_L283V,BRCA1,L283V,0.1191,unknown
BRCA1_E1258D,BRCA1,E1258D,0.118,other
BRCA1_E649Q,BRCA1,E649Q,0.2347,other
BRCA1_V1654M,BRCA1,V1654M,0.2674,other
BRCA1_M751I,BRCA1,M751I,0.1472,other
BRCA1_L471F,BRCA1,L471F,0.0823,other
BRCA1_V370I,BRCA1,V370I,0.0736,other
BRCA1_S1320C,BRCA1,S1320C,0.0788,other
BRCA1_R1726T,BRCA1,R1726T,0.2611,VUS
BRCA1_R1751L,BRCA1,R1751L,0.3294,VUS
BRCA1_L512F,BRCA1,L512F,0.2701,benign
BRCA1_C24F,BRCA1,C24F,0.9935,other
BRCA1_S265Y,BRCA1,S265Y,0.1679,unknown
BRCA1_S889C,BRCA1,S889C,0.0883,unknown
BRCA1_E1817K,BRCA1,E1817K,0.0952,other
BRCA1_D40N,BRCA1,D40N,0.5661,other
BRCA1_A224S,BRCA1,A224S,0.1178,unknown
BRCA1_Q780E,BRCA1,Q780E,0.065,other
BRCA1_A1608T,BRCA1,A1608T,0.0869,VUS
BRCA1_N113K,BRCA1,N113K,0.1346,VUS
BRCA1_H399R,BRCA1,H399R,0.0637,other
BRCA1_I171T,BRCA1,I171T,0.1386,other
BRCA1_Q81E,BRCA1,Q81E,0.121,VUS
BRCA1_Q1388H,BRCA1,Q1388H,0.342,VUS
BRCA1_L269F,BRCA1,L269F,0.1095,VUS
BRCA1_E597K,BRCA1,E597K,0.2525,benign
BRCA1_E1060D,BRCA1,E1060D,0.2507,unknown
BRCA1_G1743V,BRCA1,G1743V,0.949,other
BRCA1_D345H,BRCA1,D345H,0.1329,VUS
BRCA1_P930S,BRCA1,P930S,0.0894,unknown
BRCA1_A1615V,BRCA1,A1615V,0.1194,VUS
BRCA1_N550H,BRCA1,N550H,0.0967,benign
BRCA1_Y179C,BRCA1,Y179C,0.1781,benign
BRCA1_F486L,BRCA1,F486L,0.3568,benign
BRCA1_S1448N,BRCA1,S1448N,0.0591,other
BRCA1_I783L,BRCA1,I783L,0.0916,unknown
BRCA1_K1264N,BRCA1,K1264N,0.2819,other
BRCA1_A1708T,BRCA1,A1708T,0.5559,other
BRCA1_E649D,BRCA1,E649D,0.167,unknown
BRCA1_E648K,BRCA1,E648K,0.1013,other
BRCA1_E250K,BRCA1,E250K,0.0861,other
BRCA1_P1315L,BRCA1,P1315L,0.1042,unknown
BRCA1_E1478Q,BRCA1,E1478Q,0.081,unknown
BRCA1_R496C,BRCA1,R496C,0.0797,benign
BRCA1_P364R,BRCA1,P364R,0.1026,unknown
BRCA1_E1490Q,BRCA1,E1490Q,0.1162,unknown
BRCA1_K556Q,BRCA1,K556Q,0.0967,benign
BRCA1_R1347T,BRCA1,R1347T,0.1103,unknown
BRCA1_E575K,BRCA1,E575K,0.0985,other
BRCA1_L1260V,BRCA1,L1260V,0.0742,other
BRCA1_K1278Q,BRCA1,K1278Q,0.1278,unknown
BRCA1_S741Y,BRCA1,S741Y,0.1238,VUS
BRCA1_E1419G,BRCA1,E1419G,0.1768,unknown
BRCA1_P1491L,BRCA1,P1491L,0.0921,VUS
BRCA1_V1653A,BRCA1,V1653A,0.3994,benign
BRCA1_P115R,BRCA1,P115R,0.1145,unknown
BRCA1_G1371E,BRCA1,G1371E,0.1138,unknown
BRCA1_S1497P,BRCA1,S1497P,0.1031,unknown
BRCA1_S741F,BRCA1,S741F,0.1619,other
BRCA1_P1562L,BRCA1,P1562L,0.1512,VUS
BRCA1_P634S,BRCA1,P634S,0.0897,other
BRCA1_P1190F,BRCA1,P1190F,0.3149,unknown
BRCA1_G200V,BRCA1,G200V,0.1311,unknown
BRCA1_D1813N,BRCA1,D1813N,0.1918,other
BRCA1_R951K,BRCA1,R951K,0.097,unknown
BRCA1_D1123N,BRCA1,D1123N,0.088,unknown
BRCA1_T1720I,BRCA1,T1720I,0.114,unknown
BRCA1_S1292Y,BRCA1,S1292Y,0.2218,other
BRCA1_Y1625C,BRCA1,Y1625C,0.0696,VUS
BRCA1_P1190L,BRCA1,P1190L,0.1118,other
BRCA1_E1754K,BRCA1,E1754K,0.1438,VUS
BRCA1_L750I,BRCA1,L750I,0.0736,other
BRCA1_A1708E,BRCA1,A1708E,0.9712,pathogenic
BRCA1_L1564P,BRCA1,L1564P,0.1809,benign
BRCA1_H1686Y,BRCA1,H1686Y,0.5629,pathogenic
BRCA1_E1683D,BRCA1,E1683D,0.1065,VUS
BRCA1_V1035D,BRCA1,V1035D,0.1048,unknown
BRCA1_E1373K,BRCA1,E1373K,0.1073,VUS
BRCA1_T1310S,BRCA1,T1310S,0.1153,VUS
BRCA1_P1192F,BRCA1,P1192F,0.3549,unknown
BRCA1_E638D,BRCA1,E638D,0.1633,VUS
BRCA1_M1663V,BRCA1,M1663V,0.0795,other
BRCA1_S242N,BRCA1,S242N,0.1022,other
BRCA1_P1659L,BRCA1,P1659L,0.087,other
BRCA1_H1244Y,BRCA1,H1244Y,0.0747,VUS
BRCA1_E352D,BRCA1,E352D,0.1323,unknown
BRCA1_G890W,BRCA1,G890W,0.1257,unknown
BRCA1_E1358K,BRCA1,E1358K,0.121,other
BRCA1_S1292A,BRCA1,S1292A,0.1114,unknown
BRCA1_D695N,BRCA1,D695N,0.08,other
BRCA1_L413M,BRCA1,L413M,0.1066,unknown
BRCA1_E1725K,BRCA1,E1725K,0.211,other
BRCA1_N1488S,BRCA1,N1488S,0.1062,unknown
BRCA1_I1237L,BRCA1,I1237L,0.0745,unknown
BRCA1_N473S,BRCA1,N473S,0.0897,benign
BRCA1_L666I,BRCA1,L666I,0.0851,other
BRCA1_P115L,BRCA1,P115L,0.095,VUS
BRCA1_E362G,BRCA1,E362G,0.0841,unknown
BRCA1_R496H,BRCA1,R496H,0.0634,benign
BRCA1_D1546Y,BRCA1,D1546Y,0.0776,benign
BRCA1_V1792L,BRCA1,V1792L,0.3969,VUS
BRCA1_T922A,BRCA1,T922A,0.0697,other
BRCA1_V1713A,BRCA1,V1713A,0.8076,pathogenic
BRCA1_S708C,BRCA1,S708C,0.072,other
BRCA1_E962K,BRCA1,E962K,0.0777,benign
BRCA1_Q1240E,BRCA1,Q1240E,0.0729,VUS
BRCA1_I1680V,BRCA1,I1680V,0.0758,VUS
BRCA1_E1540K,BRCA1,E1540K,0.0744,VUS
BRCA1_P497S,BRCA1,P497S,0.1204,unknown
BRCA1_P568T,BRCA1,P568T,0.06,unknown
BRCA1_Y101N,BRCA1,Y101N,0.1649,other
BRCA1_Q202R,BRCA1,Q202R,0.0812,unknown
BRCA1_Q1848R,BRCA1,Q1848R,0.1374,benign
BRCA1_I1723V,BRCA1,I1723V,0.086,other
BRCA1_N1742I,BRCA1,N1742I,0.7927,other
BRCA1_G1803V,BRCA1,G1803V,0.1295,other
BRCA1_Q1525H,BRCA1,Q1525H,0.2055,unknown
BRCA1_P62L,BRCA1,P62L,0.9284,VUS
BRCA1_I946F,BRCA1,I946F,0.095,other
BRCA1_S1466I,BRCA1,S1466I,0.1362,VUS
BRCA1_G1515E,BRCA1,G1515E,0.0983,benign
BRCA1_E1112A,BRCA1,E1112A,0.1009,unknown
BRCA1_D1152N,BRCA1,D1152N,0.1063,other
BRCA1_G1624W,BRCA1,G1624W,0.1928,unknown
BRCA2_V159L,BRCA2,V159L,0.2852,other
BRCA2_E2878K,BRCA2,E2878K,0.0821,pathogenic
BRCA2_N2556K,BRCA2,N2556K,0.7198,unknown
BRCA2_R2520Q,BRCA2,R2520Q,0.1585,benign
BRCA2_F3328L,BRCA2,F3328L,0.2346,unknown
BRCA2_D224N,BRCA2,D224N,0.0835,VUS
BRCA2_G1218D,BRCA2,G1218D,0.5602,unknown
BRCA2_D3197G,BRCA2,D3197G,0.0735,VUS
BRCA2_E2918K,BRCA2,E2918K,0.4104,unknown
BRCA2_S1461F,BRCA2,S1461F,0.1773,other
BRCA2_A577T,BRCA2,A577T,0.0678,other
BRCA2_A22T,BRCA2,A22T,0.1195,VUS
BRCA2_L440F,BRCA2,L440F,0.083,unknown
BRCA2_T1803I,BRCA2,T1803I,0.1101,unknown
BRCA2_D2995N,BRCA2,D2995N,0.1211,VUS
BRCA2_Y792H,BRCA2,Y792H,0.1189,other
BRCA2_L2946M,BRCA2,L2946M,0.0709,unknown
BRCA2_P2532L,BRCA2,P2532L,0.4176,other
BRCA2_R2268K,BRCA2,R2268K,0.1216,other
BRCA2_P412L,BRCA2,P412L,0.1229,other
BRCA2_S1263R,BRCA2,S1263R,0.2124,unknown
BRCA2_T1067S,BRCA2,T1067S,0.1152,other
BRCA2_P2334S,BRCA2,P2334S,0.1954,unknown
BRCA2_S3147F,BRCA2,S3147F,0.3944,VUS
BRCA2_E3316K,BRCA2,E3316K,0.0888,other
BRCA2_R2896H,BRCA2,R2896H,0.0667,other
BRCA2_S70C,BRCA2,S70C,0.0747,unknown
BRCA2_M927V,BRCA2,M927V,0.0593,other
BRCA2_A2351T,BRCA2,A2351T,0.07,other
BRCA2_E1375D,BRCA2,E1375D,0.1264,unknown
BRCA2_Y2222S,BRCA2,Y2222S,0.073,unknown
BRCA2_G2441D,BRCA2,G2441D,0.0767,other
BRCA2_M192T,BRCA2,M192T,0.8491,other
BRCA2_E1581D,BRCA2,E1581D,0.1798,unknown
BRCA2_I870F,BRCA2,I870F,0.1057,unknown
BRCA2_E2663Q,BRCA2,E2663Q,0.8071,unknown
BRCA2_K757E,BRCA2,K757E,0.0803,other
BRCA2_R1997S,BRCA2,R1997S,0.5347,unknown
BRCA2_K2868T,BRCA2,K2868T,0.1363,unknown
BRCA2_K3015T,BRCA2,K3015T,0.1163,unknown
BRCA2_N986K,BRCA2,N986K,0.1609,unknown
BRCA2_R1512H,BRCA2,R1512H,0.0807,other
BRCA2_R2787C,BRCA2,R2787C,0.0642,other
BRCA2_D3095G,BRCA2,D3095G,0.6924,other
BRCA2_I1024V,BRCA2,I1024V,0.0863,other
BRCA2_Y232C,BRCA2,Y232C,0.0619,other
BRCA2_S1968P,BRCA2,S1968P,0.0811,other
BRCA2_I2269V,BRCA2,I2269V,0.0767,unknown
BRCA2_D3197N,BRCA2,D3197N,0.077,unknown
BRCA2_I2974T,BRCA2,I2974T,0.2843,VUS
BRCA2_E58K,BRCA2,E58K,0.1129,other
BRCA2_K2673T,BRCA2,K2673T,0.8648,unknown
BRCA2_Q2899R,BRCA2,Q2899R,0.1092,other
BRCA2_L3352F,BRCA2,L3352F,0.1036,VUS
BRCA2_I1697V,BRCA2,I1697V,0.081,VUS
BRCA2_S2046L,BRCA2,S2046L,0.0825,other
BRCA2_R2842C,BRCA2,R2842C,0.509,other
BRCA2_R2502H,BRCA2,R2502H,0.0669,benign
BRCA2_E1254K,BRCA2,E1254K,0.0861,unknown
BRCA2_E1422Q,BRCA2,E1422Q,0.1,unknown
BRCA2_E1046Q,BRCA2,E1046Q,0.1981,unknown
BRCA2_Q1073H,BRCA2,Q1073H,0.1802,other
BRCA2_N1287K,BRCA2,N1287K,0.1479,other
BRCA2_D1899N,BRCA2,D1899N,0.0773,other
BRCA2_G2353S,BRCA2,G2353S,0.0796,VUS
BRCA2_G1218S,BRCA2,G1218S,0.2222,VUS
BRCA2_T2169I,BRCA2,T2169I,0.163,other
BRCA2_R155T,BRCA2,R155T,0.3193,other
BRCA2_S2133L,BRCA2,S2133L,0.0859,unknown
BRCA2_D2312N,BRCA2,D2312N,0.0996,unknown
BRCA2_T2255K,BRCA2,T2255K,0.1186,unknown
BRCA2_L2929F,BRCA2,L2929F,0.4313,unknown
BRCA2_M2393T,BRCA2,M2393T,0.1003,other
BRCA2_E1183Q,BRCA2,E1183Q,0.1133,other
BRCA2_P2381S,BRCA2,P2381S,0.0883,VUS
BRCA2_E3316Q,BRCA2,E3316Q,0.0913,unknown
BRCA2_T2399S,BRCA2,T2399S,0.0932,unknown
BRCA2_G162W,BRCA2,G162W,0.7049,unknown
BRCA2_N896Y,BRCA2,N896Y,0.1341,unknown
BRCA2_Q3036E,BRCA2,Q3036E,0.1032,other
BRCA2_Q1056E,BRCA2,Q1056E,0.0747,other
BRCA2_P3285L,BRCA2,P3285L,0.3108,unknown
BRCA2_D2983N,BRCA2,D2983N,0.0841,unknown
BRCA2_R2034C,BRCA2,R2034C,0.0782,benign
BRCA2_S780L,BRCA2,S780L,0.1248,unknown
BRCA2_R2651S,BRCA2,R2651S,0.3212,VUS
BRCA2_N1878K,BRCA2,N1878K,0.1046,benign
BRCA2_A3029T,BRCA2,A3029T,0.1134,other
BRCA2_D1033N,BRCA2,D1033N,0.3903,VUS
BRCA2_D125N,BRCA2,D125N,0.0971,other
BRCA2_E1415K,BRCA2,E1415K,0.0726,unknown
BRCA2_G1938V,BRCA2,G1938V,0.1037,other
BRCA2_D252H,BRCA2,D252H,0.1827,VUS
BRCA2_S795L,BRCA2,S795L,0.1026,other
BRCA2_P2798R,BRCA2,P2798R,0.4289,other
BRCA2_R2319I,BRCA2,R2319I,0.2399,VUS
BRCA2_D1769H,BRCA2,D1769H,0.1642,unknown
BRCA2_D1923H,BRCA2,D1923H,0.1658,unknown
BRCA2_R1512C,BRCA2,R1512C,0.0849,other
BRCA2_G2569S,BRCA2,G2569S,0.0924,VUS
BRCA2_S3400C,BRCA2,S3400C,0.0684,VUS
BRCA2_E1035K,BRCA2,E1035K,0.3771,unknown
BRCA2_P1589A,BRCA2,P1589A,0.0936,other
BRCA2_R1190W,BRCA2,R1190W,0.1087,benign
BRCA2_D1210N,BRCA2,D1210N,0.0791,other
BRCA2_E1548K,BRCA2,E1548K,0.0949,other
BRCA2_V1873I,BRCA2,V1873I,0.0851,other
BRCA2_S2247N,BRCA2,S2247N,0.0783,unknown
BRCA2_G3141E,BRCA2,G3141E,0.4017,unknown
BRCA2_I1724T,BRCA2,I1724T,0.0589,other
BRCA2_V2975A,BRCA2,V2975A,0.1124,unknown
BRCA2_Q2858R,BRCA2,Q2858R,0.0857,other
BRCA2_S3397F,BRCA2,S3397F,0.0887,VUS
BRCA2_E2226Q,BRCA2,E2226Q,0.367,unknown
BRCA2_P2408Q,BRCA2,P2408Q,0.6593,unknown
BRCA2_S2303F,BRCA2,S2303F,0.1057,VUS
BRCA2_S869L,BRCA2,S869L,0.0484,other
BRCA2_D728V,BRCA2,D728V,0.1227,other
BRCA2_I423N,BRCA2,I423N,0.0383,other
BRCA2_E394G,BRCA2,E394G,0.0967,unknown
BRCA2_F1372V,BRCA2,F1372V,0.0858,unknown
BRCA2_P1510L,BRCA2,P1510L,0.0788,unknown
BRCA2_R118C,BRCA2,R118C,0.0769,other
BRCA2_R672T,BRCA2,R672T,0.0789,unknown
BRCA2_V2620D,BRCA2,V2620D,0.9334,VUS
BRCA2_A627V,BRCA2,A627V,0.1054,other
BRCA2_L613R,BRCA2,L613R,0.1014,other
BRCA2_S1764L,BRCA2,S1764L,0.0926,unknown
BRCA2_S1770F,BRCA2,S1770F,0.1265,unknown
BRCA2_S3389F,BRCA2,S3389F,0.1052,benign
BRCA2_P2735L,BRCA2,P2735L,0.2213,VUS
BRCA2_R448H,BRCA2,R448H,0.0581,other
BRCA2_E1511K,BRCA2,E1511K,0.0651,other
BRCA2_E3053Q,BRCA2,E3053Q,0.089,VUS
BRCA2_I605V,BRCA2,I605V,0.1126,unknown
BRCA2_S2095L,BRCA2,S2095L,0.0748,unknown
BRCA2_A1996T,BRCA2,A1996T,0.1297,other
BRCA2_Q569H,BRCA2,Q569H,0.0994,other
BRCA2_K1274N,BRCA2,K1274N,0.2205,other
BRCA2_I1884L,BRCA2,I1884L,0.0866,unknown
BRCA2_K2316Q,BRCA2,K2316Q,0.1412,unknown
BRCA2_N1201K,BRCA2,N1201K,0.1547,VUS
BRCA2_V2174G,BRCA2,V2174G,0.0924,unknown
BRCA2_Y232F,BRCA2,Y232F,0.1065,unknown
BRCA2_S2963L,BRCA2,S2963L,0.0792,VUS
BRCA2_V3079I,BRCA2,V3079I,0.074,benign
BRCA2_H1350R,BRCA2,H1350R,0.0809,other
BRCA2_T915P,BRCA2,T915P,0.0791,unknown
BRCA2_P2153S,BRCA2,P2153S,0.0777,other
BRCA2_N2699D,BRCA2,N2699D,0.0623,unknown
BRCA2_K2777N,BRCA2,K2777N,0.8367,unknown
BRCA2_E1928Q,BRCA2,E1928Q,0.0975,benign
BRCA2_P773S,BRCA2,P773S,0.0911,unknown
BRCA2_L2366V,BRCA2,L2366V,0.0682,other
BRCA2_P527A,BRCA2,P527A,0.0708,other
BRCA2_L903F,BRCA2,L903F,0.0837,unknown
BRCA2_R3384Q,BRCA2,R3384Q,0.0818,other
BRCA2_P2107S,BRCA2,P2107S,0.1301,other
BRCA2_F506V,BRCA2,F506V,0.1977,unknown
BRCA2_R2418K,BRCA2,R2418K,0.0772,VUS
BRCA2_S1331Y,BRCA2,S1331Y,0.1066,unknown
BRCA2_D1345Y,BRCA2,D1345Y,0.094,other
BRCA2_T2255A,BRCA2,T2255A,0.071,VUS
BRCA2_L3011I,BRCA2,L3011I,0.1072,unknown
BRCA2_D420H,BRCA2,D420H,0.1377,other
BRCA2_Q3036R,BRCA2,Q3036R,0.1058,other
BRCA2_S2120L,BRCA2,S2120L,0.0983,unknown
BRCA2_V2545I,BRCA2,V2545I,0.0758,other
BRCA2_K2448E,BRCA2,K2448E,0.0643,unknown
BRCA2_D1796N,BRCA2,D1796N,0.0826,other
BRCA2_E2599Q,BRCA2,E2599Q,0.6382,unknown
BRCA2_Q3034K,BRCA2,Q3034K,0.1072,unknown
BRCA2_E1211K,BRCA2,E1211K,0.0617,other
BRCA2_L613P,BRCA2,L613P,0.0877,unknown
BRCA2_N1599S,BRCA2,N1599S,0.0728,other
BRCA2_D1909G,BRCA2,D1909G,0.069,other
BRCA2_S1817C,BRCA2,S1817C,0.0946,other
BRCA2_S2807L,BRCA2,S2807L,0.2361,other
BRCA2_N3124S,BRCA2,N3124S,0.272,VUS
BRCA2_R2896C,BRCA2,R2896C,0.0802,other
BRCA2_G2353V,BRCA2,G2353V,0.1007,VUS
BRCA2_S2533P,BRCA2,S2533P,0.2729,VUS
BRCA2_E350Q,BRCA2,E350Q,0.1242,unknown
BRCA2_F1192C,BRCA2,F1192C,0.138,benign
BRCA2_S786Y,BRCA2,S786Y,0.1651,other
BRCA2_E1734K,BRCA2,E1734K,0.0741,other
BRCA2_S2559Y,BRCA2,S2559Y,0.0977,unknown
BRCA2_G265E,BRCA2,G265E,0.1252,unknown
BRCA2_I1977V,BRCA2,I1977V,0.0955,other
BRCA2_P2107L,BRCA2,P2107L,0.1176,other
BRCA2_Y1324S,BRCA2,Y1324S,0.1624,other
BRCA2_S196N,BRCA2,S196N,0.8921,VUS
BRCA2_E3002K,BRCA2,E3002K,0.6004,pathogenic
BRCA2_S197F,BRCA2,S197F,0.7995,VUS
BRCA2_D820Y,BRCA2,D820Y,0.0999,unknown
BRCA2_N1910D,BRCA2,N1910D,0.0561,other
BRCA2_E2871K,BRCA2,E2871K,0.0677,VUS
BRCA2_T1553I,BRCA2,T1553I,0.096,other
BRCA2_E3157Q,BRCA2,E3157Q,0.1049,unknown
BRCA2_L759V,BRCA2,L759V,0.0755,unknown
BRCA2_A1439T,BRCA2,A1439T,0.0634,other
BRCA2_A1564T,BRCA2,A1564T,0.0869,unknown
BRCA2_D1575Y,BRCA2,D1575Y,0.101,other
BRCA2_S2247I,BRCA2,S2247I,0.0894,unknown
BRCA2_S2462Y,BRCA2,S2462Y,0.0856,unknown
BRCA2_A248T,BRCA2,A248T,0.0813,other
BRCA2_D1868Y,BRCA2,D1868Y,0.1298,other
BRCA2_P655R,BRCA2,P655R,0.1374,benign
BRCA2_P89L,BRCA2,P89L,0.1313,VUS
BRCA2_A632E,BRCA2,A632E,0.1644,unknown
BRCA2_D3042N,BRCA2,D3042N,0.0756,VUS
BRCA2_E1695K,BRCA2,E1695K,0.1033,other
BRCA2_D1161Y,BRCA2,D1161Y,0.1082,unknown
BRCA2_Q684R,BRCA2,Q684R,0.0937,unknown
BRCA2_E3335K,BRCA2,E3335K,0.1282,VUS
BRCA2_A2717S,BRCA2,A2717S,0.0884,benign
BRCA2_S1632R,BRCA2,S1632R,0.2655,other
BRCA2_K1638E,BRCA2,K1638E,0.0797,other
BRCA2_D1902A,BRCA2,D1902A,0.1147,benign
BRCA2_E1838Q,BRCA2,E1838Q,0.1274,unknown
BRCA2_S196R,BRCA2,S196R,0.9902,unknown
BRCA2_A735T,BRCA2,A735T,0.1064,VUS
BRCA2_L760V,BRCA2,L760V,0.0861,VUS
BRCA2_K1419N,BRCA2,K1419N,0.2368,unknown
BRCA2_M1475I,BRCA2,M1475I,0.2215,other
BRCA2_K1967Q,BRCA2,K1967Q,0.0971,unknown
BRCA2_S641Y,BRCA2,S641Y,0.1538,unknown
BRCA2_N319H,BRCA2,N319H,0.0909,unknown
BRCA2_S1659C,BRCA2,S1659C,0.096,unknown
BRCA2_P2257S,BRCA2,P2257S,0.0841,other
BRCA2_E2650Q,BRCA2,E2650Q,0.2725,VUS
BRCA2_K1191M,BRCA2,K1191M,0.134,unknown
BRCA2_R2502C,BRCA2,R2502C,0.0861,other
BRCA2_G561V,BRCA2,G561V,0.1186,other
BRCA2_N2781D,BRCA2,N2781D,0.9218,unknown
BRCA2_R2389G,BRCA2,R2389G,0.0731,VUS
BRCA2_D1476H,BRCA2,D1476H,0.2268,unknown
BRCA2_P153T,BRCA2,P153T,0.5021,VUS
BRCA2_V276A,BRCA2,V276A,0.1683,unknown
BRCA2_P389S,BRCA2,P389S,0.0888,unknown
BRCA2_E1780K,BRCA2,E1780K,0.0705,unknown
BRCA2_Y3049C,BRCA2,Y3049C,0.2239,other
BRCA2_S2186L,BRCA2,S2186L,0.0506,other
BRCA2_V1269D,BRCA2,V1269D,0.1186,unknown
BRCA2_P447S,BRCA2,P447S,0.1181,other
BRCA2_E2677K,BRCA2,E2677K,0.9462,VUS
BRCA2_E1581K,BRCA2,E1581K,0.0878,other
BRCA2_H334Y,BRCA2,H334Y,0.0611,other
BRCA2_R2432K,BRCA2,R2432K,0.0587,other
BRCA2_Y1569N,BRCA2,Y1569N,0.0725,other
BRCA2_V928A,BRCA2,V928A,0.1619,other
BRCA2_L1387F,BRCA2,L1387F,0.2007,VUS
BRCA2_G1303S,BRCA2,G1303S,0.0896,other
BRCA2_E621K,BRCA2,E621K,0.1157,unknown
BRCA2_V2687F,BRCA2,V2687F,0.6901,VUS
BRCA2_L3119F,BRCA2,L3119F,0.2195,VUS
BRCA2_K3307E,BRCA2,K3307E,0.0921,VUS
BRCA2_Y2624C,BRCA2,Y2624C,0.6098,VUS
BRCA2_T1553S,BRCA2,T1553S,0.0961,other
BRCA2_D2665E,BRCA2,D2665E,0.8479,unknown
BRCA2_E2226D,BRCA2,E2226D,0.5368,unknown
BRCA2_E260Q,BRCA2,E260Q,0.1706,unknown
BRCA2_E386D,BRCA2,E386D,0.0899,unknown
BRCA2_T3374I,BRCA2,T3374I,0.1069,benign
BRCA2_S496F,BRCA2,S496F,0.1308,other
BRCA2_E1717K,BRCA2,E1717K,0.0762,other
BRCA2_G1849S,BRCA2,G1849S,0.1013,other
BRCA2_Y949C,BRCA2,Y949C,0.071,unknown
BRCA2_S1667L,BRCA2,S1667L,0.1044,VUS
BRCA2_E2453Q,BRCA2,E2453Q,0.1006,unknown
BRCA2_E2364K,BRCA2,E2364K,0.07,VUS
BRCA2_V1068A,BRCA2,V1068A,0.1457,other
BRCA2_C2535S,BRCA2,C2535S,0.1991,VUS
BRCA2_P2734H,BRCA2,P2734H,0.1157,unknown
BRCA2_G1122R,BRCA2,G1122R,0.4767,other
BRCA2_C2332F,BRCA2,C2332F,0.1922,VUS
BRCA2_S2072F,BRCA2,S2072F,0.2895,other
BRCA2_L971S,BRCA2,L971S,0.121,unknown
BRCA2_T2662A,BRCA2,T2662A,0.087,VUS
BRCA2_D23N,BRCA2,D23N,0.3348,VUS
BRCA2_N1102S,BRCA2,N1102S,0.0868,unknown
BRCA2_D1360N,BRCA2,D1360N,0.0728,unknown
BRCA2_T2681P,BRCA2,T2681P,0.2268,other
BRCA2_T2412S,BRCA2,T2412S,0.1208,VUS
BRCA2_D913Y,BRCA2,D913Y,0.1175,unknown
BRCA2_K1028R,BRCA2,K1028R,0.102,other
BRCA2_S1442T,BRCA2,S1442T,0.1029,unknown
BRCA2_K1530T,BRCA2,K1530T,0.6097,unknown
BRCA2_L1103S,BRCA2,L1103S,0.8705,unknown
BRCA2_A2534V,BRCA2,A2534V,0.095,other
BRCA2_P3039L,BRCA2,P3039L,0.0847,other
BRCA2_E462K,BRCA2,E462K,0.097,other
BRCA2_P493S,BRCA2,P493S,0.0894,unknown
BRCA2_M3181T,BRCA2,M3181T,0.1084,VUS
BRCA2_E510K,BRCA2,E510K,0.1437,other
BRCA2_I963V,BRCA2,I963V,0.0796,other
BRCA2_D1420N,BRCA2,D1420N,0.0881,unknown
BRCA2_D1911N,BRCA2,D1911N,0.0717,other
BRCA2_A1991G,BRCA2,A1991G,0.1348,VUS
BRCA2_A1052S,BRCA2,A1052S,0.0857,unknown
BRCA2_S1084N,BRCA2,S1084N,0.0775,other
BRCA2_E866K,BRCA2,E866K,0.0874,other
BRCA2_G1529E,BRCA2,G1529E,0.6924,other
BRCA2_P202L,BRCA2,P202L,0.6086,VUS
BRCA2_G2057R,BRCA2,G2057R,0.3467,other
BRCA2_S871L,BRCA2,S871L,0.1241,unknown
BRCA2_D1096G,BRCA2,D1096G,0.1181,unknown
BRCA2_E2846Q,BRCA2,E2846Q,0.1834,VUS
BRCA2_Q2009R,BRCA2,Q2009R,0.0968,other
BRCA2_F883L,BRCA2,F883L,0.3793,other
BRCA2_E954D,BRCA2,E954D,0.1047,unknown
BRCA2_N1277K,BRCA2,N1277K,0.1661,other
BRCA2_S1606Y,BRCA2,S1606Y,0.0981,unknown
BRCA2_R1677I,BRCA2,R1677I,0.1283,other
BRCA2_D2005Y,BRCA2,D2005Y,0.0928,other
BRCA2_S2667I,BRCA2,S2667I,0.4932,unknown
BRCA2_S1172L,BRCA2,S1172L,0.0897,benign
BRCA2_S131F,BRCA2,S131F,0.1569,unknown
BRCA2_I979M,BRCA2,I979M,0.0793,other
BRCA2_A1579T,BRCA2,A1579T,0.0983,other
BRCA2_R2933M,BRCA2,R2933M,0.382,unknown
BRCA2_I3008M,BRCA2,I3008M,0.141,VUS
BRCA2_E832Q,BRCA2,E832Q,0.1452,other
BRCA2_T3013I,BRCA2,T3013I,0.1732,benign
BRCA2_L2917F,BRCA2,L2917F,0.2065,benign
BRCA2_D1033Y,BRCA2,D1033Y,0.4608,other
BRCA2_K318Q,BRCA2,K318Q,0.0889,unknown
BRCA2_K745T,BRCA2,K745T,0.0869,unknown
BRCA2_L1930V,BRCA2,L1930V,0.0889,other
BRCA2_N2259H,BRCA2,N2259H,0.0982,unknown
BRCA2_R2389I,BRCA2,R2389I,0.1444,VUS
BRCA2_Q940H,BRCA2,Q940H,0.1557,unknown
BRCA2_I332M,BRCA2,I332M,0.0985,unknown
BRCA2_E462G,BRCA2,E462G,0.092,benign
BRCA2_F439V,BRCA2,F439V,0.0688,other
BRCA2_K1239N,BRCA2,K1239N,0.2396,VUS
BRCA2_I3331M,BRCA2,I3331M,0.0663,unknown
BRCA2_E3342K,BRCA2,E3342K,0.3486,other
ATM_K2710R,ATM,K2710R,0.0652,other
ATM_D1853N,ATM,D1853N,0.18,benign
ATM_D2395N,ATM,D2395N,0.7142,VUS
ATM_S83L,ATM,S83L,0.1946,VUS
ATM_E848K,ATM,E848K,0.1122,other
ATM_L2965F,ATM,L2965F,0.4644,VUS
ATM_L1295I,ATM,L1295I,0.2337,unknown
ATM_R1466Q,ATM,R1466Q,0.3946,VUS
ATM_Q2399R,ATM,Q2399R,0.1427,VUS
ATM_R2618K,ATM,R2618K,0.0686,VUS
ATM_D2597H,ATM,D2597H,0.3644,other
ATM_A2308G,ATM,A2308G,0.2112,VUS
ATM_D840N,ATM,D840N,0.069,VUS
ATM_L263F,ATM,L263F,0.31,VUS
ATM_G2922V,ATM,G2922V,0.9294,VUS
ATM_Y2019C,ATM,Y2019C,0.5425,other
ATM_P1639L,ATM,P1639L,0.1119,VUS
ATM_L2128V,ATM,L2128V,0.0751,unknown
ATM_I1167M,ATM,I1167M,0.2069,VUS
ATM_K1280Q,ATM,K1280Q,0.1215,unknown
ATM_R2832C,ATM,R2832C,0.5301,pathogenic
ATM_P2648L,ATM,P2648L,0.1678,VUS
ATM_D2720G,ATM,D2720G,0.9886,VUS
ATM_R35Q,ATM,R35Q,0.0739,other
ATM_R1312I,ATM,R1312I,0.2246,unknown
ATM_P2982L,ATM,P2982L,0.0775,unknown
ATM_M1006I,ATM,M1006I,0.1387,VUS
ATM_S2489F,ATM,S2489F,0.8466,VUS
ATM_E2164Q,ATM,E2164Q,0.6305,VUS
ATM_G1746R,ATM,G1746R,0.9439,pathogenic
ATM_R1859K,ATM,R1859K,0.0879,VUS
ATM_D1803H,ATM,D1803H,0.1499,VUS
ATM_E2444K,ATM,E2444K,0.9032,VUS
ATM_V2617I,ATM,V2617I,0.0937,VUS
ATM_A1911V,ATM,A1911V,0.1688,unknown
ATM_P453S,ATM,P453S,0.1217,unknown
ATM_C2931W,ATM,C2931W,0.9982,unknown
ATM_A2045T,ATM,A2045T,0.301,VUS
ATM_F1877L,ATM,F1877L,0.1627,other
ATM_H1624L,ATM,H1624L,0.2193,unknown
ATM_G2694E,ATM,G2694E,0.9879,VUS
ATM_S2283L,ATM,S2283L,0.0661,VUS
ATM_R1086C,ATM,R1086C,0.0892,other
ATM_R924Q,ATM,R924Q,0.1182,VUS
ATM_Q2593R,ATM,Q2593R,0.0729,other
ATM_V2727F,ATM,V2727F,0.9706,VUS
ATM_D894G,ATM,D894G,0.5891,VUS
ATM_L1647P,ATM,L1647P,0.9601,VUS
ATM_T2934N,ATM,T2934N,0.8389,VUS
ATM_G1202E,ATM,G1202E,0.3512,VUS
ATM_G1459E,ATM,G1459E,0.3505,unknown
ATM_R1918K,ATM,R1918K,0.0894,unknown
ATM_W266L,ATM,W266L,0.6081,unknown
ATM_G2072R,ATM,G2072R,0.7853,VUS
ATM_M2667L,ATM,M2667L,0.1246,VUS
ATM_N1273D,ATM,N1273D,0.0726,other
ATM_L1737F,ATM,L1737F,0.3093,unknown
ATM_N1719D,ATM,N1719D,0.1738,VUS
ATM_G844V,ATM,G844V,0.0922,unknown
ATM_P2665S,ATM,P2665S,0.7001,unknown
ATM_R832L,ATM,R832L,0.09,other
ATM_E2449K,ATM,E2449K,0.1075,VUS
ATM_R982C,ATM,R982C,0.2185,VUS
ATM_P1639S,ATM,P1639S,0.1349,VUS
ATM_L2541I,ATM,L2541I,0.2539,unknown
ATM_S1499I,ATM,S1499I,0.168,unknown
ATM_I671M,ATM,I671M,0.062,other
ATM_L653I,ATM,L653I,0.1658,VUS
ATM_R1205C,ATM,R1205C,0.0663,other
ATM_V1648G,ATM,V1648G,0.3918,unknown
ATM_S2859Y,ATM,S2859Y,0.8505,unknown
ATM_L806W,ATM,L806W,0.78,VUS
ATM_D1682H,ATM,D1682H,0.3004,VUS
ATM_E2895A,ATM,E2895A,0.9743,unknown
ATM_I2511T,ATM,I2511T,0.8098,unknown
ATM_C2931Y,ATM,C2931Y,0.9964,VUS
ATM_E2815Q,ATM,E2815Q,0.094,VUS
ATM_N143D,ATM,N143D,0.3496,VUS
ATM_G2063V,ATM,G2063V,0.7727,VUS
ATM_Q1331H,ATM,Q1331H,0.362,other
ATM_G2891S,ATM,G2891S,0.9771,VUS
ATM_A502S,ATM,A502S,0.0939,unknown
ATM_G833E,ATM,G833E,0.0892,VUS
ATM_V2355I,ATM,V2355I,0.0798,unknown
ATM_P1378S,ATM,P1378S,0.6695,VUS
ATM_K2803N,ATM,K2803N,0.3056,VUS
ATM_S1770L,ATM,S1770L,0.1041,pathogenic
ATM_R469S,ATM,R469S,0.1541,VUS
ATM_W2769R,ATM,W2769R,0.999,VUS
ATM_D2720Y,ATM,D2720Y,0.988,unknown
ATM_G1676L,ATM,G1676L,0.9556,unknown
ATM_L2890P,ATM,L2890P,0.9996,VUS
ATM_N2632K,ATM,N2632K,0.8835,VUS
ATM_S646L,ATM,S646L,0.0656,VUS
ATM_D863Y,ATM,D863Y,0.081,unknown
ATM_E1133Q,ATM,E1133Q,0.1067,unknown
ATM_T2359I,ATM,T2359I,0.1489,VUS
ATM_L2877F,ATM,L2877F,0.9856,VUS
ATM_K1057N,ATM,K1057N,0.1333,unknown
ATM_T1363S,ATM,T1363S,0.0907,VUS
ATM_T1558K,ATM,T1558K,0.2712,VUS
ATM_E1666Q,ATM,E1666Q,0.1335,unknown
ATM_G2287R,ATM,G2287R,0.0996,VUS
ATM_H192N,ATM,H192N,0.1059,other
ATM_D1637Y,ATM,D1637Y,0.1105,other
ATM_G449E,ATM,G449E,0.4784,VUS
ATM_D2725H,ATM,D2725H,0.999,VUS
ATM_R2105S,ATM,R2105S,0.8682,other
ATM_E2422Q,ATM,E2422Q,0.0979,unknown
ATM_E2411K,ATM,E2411K,0.164,unknown
ATM_R337C,ATM,R337C,0.3232,other
ATM_D2708N,ATM,D2708N,0.2818,pathogenic
ATM_R3008H,ATM,R3008H,0.7952,other
ATM_L606F,ATM,L606F,0.1204,unknown
ATM_T2434I,ATM,T2434I,0.1631,VUS
ATM_A1127S,ATM,A1127S,0.128,unknown
ATM_R23Q,ATM,R23Q,0.7459,VUS
ATM_A2893P,ATM,A2893P,0.9879,VUS
ATM_E2895K,ATM,E2895K,0.9827,unknown
ATM_G228S,ATM,G228S,0.145,unknown
ATM_V1913A,ATM,V1913A,0.344,unknown
ATM_R337H,ATM,R337H,0.2928,other
ATM_R1575H,ATM,R1575H,0.2202,other
ATM_E322K,ATM,E322K,0.6848,VUS
ATM_E2157Q,ATM,E2157Q,0.141,unknown
ATM_S2394L,ATM,S2394L,0.4211,pathogenic
ATM_C1873Y,ATM,C1873Y,0.1662,other
ATM_E1072K,ATM,E1072K,0.1027,VUS
ATM_M963L,ATM,M963L,0.122,unknown
ATM_E887K,ATM,E887K,0.0893,VUS
ATM_C2349F,ATM,C2349F,0.2496,VUS
ATM_E1182Q,ATM,E1182Q,0.1355,VUS
ATM_G330V,ATM,G330V,0.757,unknown
ATM_P292L,ATM,P292L,0.5691,pathogenic
ATM_S978Y,ATM,S978Y,0.4668,VUS
ATM_S974F,ATM,S974F,0.4175,VUS
ATM_A88V,ATM,A88V,0.1189,unknown
ATM_V716A,ATM,V716A,0.4043,VUS
ATM_P1235H,ATM,P1235H,0.8146,unknown
ATM_F2299L,ATM,F2299L,0.8631,VUS
ATM_R832C,ATM,R832C,0.0738,other
ATM_P434L,ATM,P434L,0.1069,VUS
ATM_F2732L,ATM,F2732L,0.9983,VUS
ATM_T554K,ATM,T554K,0.1381,VUS
ATM_G3051V,ATM,G3051V,0.9663,VUS
ATM_F2393S,ATM,F2393S,0.989,VUS
ATM_R2854C,ATM,R2854C,0.5357,other
ATM_M1628L,ATM,M1628L,0.1244,VUS
ATM_L2490F,ATM,L2490F,0.6549,VUS
ATM_S698L,ATM,S698L,0.2101,VUS
ATM_D1963G,ATM,D1963G,0.2586,other
ATM_E1091K,ATM,E1091K,0.0733,VUS
ATM_M2935I,ATM,M2935I,0.8425,VUS
ATM_C1674Y,ATM,C1674Y,0.9253,VUS
ATM_Y1938H,ATM,Y1938H,0.5898,VUS
ATM_C2337W,ATM,C2337W,0.9175,VUS
ATM_I1035V,ATM,I1035V,0.0711,unknown
ATM_G873R,ATM,G873R,0.1422,unknown
ATM_D1285H,ATM,D1285H,0.112,unknown
ATM_A2274V,ATM,A2274V,0.2482,VUS
ATM_D203N,ATM,D203N,0.1478,VUS
ATM_P1526L,ATM,P1526L,0.349,VUS
ATM_D2448N,ATM,D2448N,0.898,VUS
ATM_N2875S,ATM,N2875S,0.9982,VUS
ATM_S274Y,ATM,S274Y,0.1392,VUS
ATM_I289L,ATM,I289L,0.124,VUS
ATM_Y1241D,ATM,Y1241D,0.2162,unknown
ATM_G2043S,ATM,G2043S,0.0936,other
ATM_L508R,ATM,L508R,0.7901,unknown
ATM_T1558A,ATM,T1558A,0.0761,unknown
ATM_A2150T,ATM,A2150T,0.1549,VUS
ATM_F2839L,ATM,F2839L,0.996,VUS
ATM_D2889N,ATM,D2889N,0.9965,VUS
ATM_C987Y,ATM,C987Y,0.915,VUS
ATM_L1700F,ATM,L1700F,0.0742,VUS
ATM_R1730Q,ATM,R1730Q,0.1564,VUS
ATM_I2888T,ATM,I2888T,0.9939,VUS
ATM_G1522A,ATM,G1522A,0.3564,unknown
ATM_W2491C,ATM,W2491C,0.9853,VUS
ATM_K331N,ATM,K331N,0.9111,VUS
ATM_M963T,ATM,M963T,0.1139,unknown
ATM_E2950Q,ATM,E2950Q,0.4842,VUS
ATM_E473Q,ATM,E473Q,0.1038,VUS
ATM_K2811N,ATM,K2811N,0.1781,VUS
ATM_P2648S,ATM,P2648S,0.1648,VUS
ATM_T2853A,ATM,T2853A,0.3174,unknown
ATM_D211E,ATM,D211E,0.1245,other
ATM_C353R,ATM,C353R,0.9431,VUS
ATM_V2766I,ATM,V2766I,0.0735,VUS
ATM_L1259V,ATM,L1259V,0.1693,unknown
ATM_Q3000H,ATM,Q3000H,0.1262,unknown
ATM_C2770G,ATM,C2770G,0.933,VUS
ATM_G2020C,ATM,G2020C,0.7953,VUS
ATM_R3047Q,ATM,R3047Q,0.0978,VUS
ATM_K2440E,ATM,K2440E,0.7348,VUS
ATM_D863N,ATM,D863N,0.068,VUS
ATM_R2443Q,ATM,R2443Q,0.2184,other
ATM_S853L,ATM,S853L,0.0882,VUS
ATM_L2715F,ATM,L2715F,0.9871,VUS
ATM_C2704F,ATM,C2704F,0.86,VUS
ATM_G3051R,ATM,G3051R,0.9905,VUS
ATM_S571Y,ATM,S571Y,0.1605,VUS
ATM_R2459C,ATM,R2459C,0.1767,other
ATM_R2526G,ATM,R2526G,0.9679,VUS
ATM_G1456D,ATM,G1456D,0.1959,VUS
ATM_S677N,ATM,S677N,0.0814,VUS
ATM_R2691C,ATM,R2691C,0.0937,VUS
ATM_R2032T,ATM,R2032T,0.8026,unknown
ATM_D1604V,ATM,D1604V,0.2383,unknown
ATM_V2823I,ATM,V2823I,0.0679,other
ATM_R2400T,ATM,R2400T,0.1943,VUS
ATM_M2357I,ATM,M2357I,0.6084,VUS
ATM_V1729L,ATM,V1729L,0.2642,other
ATM_Q1627H,ATM,Q1627H,0.3161,VUS
ATM_R451H,ATM,R451H,0.2408,VUS
ATM_Q1636E,ATM,Q1636E,0.071,VUS
ATM_A1950T,ATM,A1950T,0.4293,VUS
ATM_R1466P,ATM,R1466P,0.9891,other
ATM_V2937A,ATM,V2937A,0.5432,VUS
ATM_L2388F,ATM,L2388F,0.1744,VUS
ATM_E574K,ATM,E574K,0.3386,unknown
ATM_R2598Q,ATM,R2598Q,0.7673,VUS
ATM_E1195D,ATM,E1195D,0.2654,unknown
ATM_Q1867E,ATM,Q1867E,0.0949,VUS
ATM_D1781N,ATM,D1781N,0.0667,VUS
ATM_P2353S,ATM,P2353S,0.558,VUS
ATM_G2024R,ATM,G2024R,0.4189,VUS
ATM_N405K,ATM,N405K,0.2111,unknown
ATM_L1348W,ATM,L1348W,0.8904,unknown
ATM_A2324P,ATM,A2324P,0.0835,unknown
ATM_D2721N,ATM,D2721N,0.9609,other
ATM_C1674R,ATM,C1674R,0.9848,VUS
ATM_L1295F,ATM,L1295F,0.3976,unknown
ATM_I1332S,ATM,I1332S,0.4595,VUS
ATM_A1427V,ATM,A1427V,0.0969,unknown
ATM_R2832H,ATM,R2832H,0.2904,other
ATM_Q2442R,ATM,Q2442R,0.0969,VUS
ATM_D2720N,ATM,D2720N,0.9799,VUS
ATM_D2216H,ATM,D2216H,0.3856,unknown
ATM_I2260T,ATM,I2260T,0.0762,VUS
ATM_H1895Y,ATM,H1895Y,0.066,VUS
ATM_C2488Y,ATM,C2488Y,0.8565,other
ATM_G2694R,ATM,G2694R,0.9621,VUS
ATM_M94I,ATM,M94I,0.4728,VUS
ATM_T2921M,ATM,T2921M,0.1365,VUS
ATM_I2645K,ATM,I2645K,0.6659,unknown
ATM_W412R,ATM,W412R,0.9749,other
ATM_K1964N,ATM,K1964N,0.2865,VUS
ATM_E2304K,ATM,E2304K,0.7342,unknown
ATM_G2891D,ATM,G2891D,0.9953,VUS
ATM_V2951F,ATM,V2951F,0.9324,VUS
ATM_T1350M,ATM,T1350M,0.1229,VUS
ATM_R3008C,ATM,R3008C,0.9486,pathogenic
ATM_L2952P,ATM,L2952P,0.9983,VUS
ATM_K687E,ATM,K687E,0.3092,unknown
ATM_L1764V,ATM,L1764V,0.1468,VUS
ATM_H2872D,ATM,H2872D,0.9979,VUS
ATM_R832H,ATM,R832H,0.0642,other
ATM_L236R,ATM,L236R,0.6484,VUS
ATM_T1864A,ATM,T1864A,0.067,VUS
ATM_A220V,ATM,A220V,0.1245,other
ATM_N2994S,ATM,N2994S,0.0584,VUS
ATM_S214P,ATM,S214P,0.0603,other
ATM_D18N,ATM,D18N,0.1843,VUS
ATM_T1363I,ATM,T1363I,0.109,VUS
ATM_H2038Q,ATM,H2038Q,0.6617,VUS
ATM_L1348F,ATM,L1348F,0.5664,VUS
ATM_M1628V,ATM,M1628V,0.1047,VUS
ATM_P2353T,ATM,P2353T,0.5416,VUS
ATM_V278D,ATM,V278D,0.1879,unknown
ATM_N2435K,ATM,N2435K,0.4877,VUS
ATM_L2004P,ATM,L2004P,0.983,VUS
ATM_R924W,ATM,R924W,0.3141,other
ATM_E888K,ATM,E888K,0.1471,VUS
ATM_V2926F,ATM,V2926F,0.871,VUS
ATM_H192Y,ATM,H192Y,0.063,VUS
ATM_G294E,ATM,G294E,0.737,VUS
ATM_S1455I,ATM,S1455I,0.1264,unknown
ATM_A1976S,ATM,A1976S,0.0702,unknown
ATM_T2674R,ATM,T2674R,0.0801,unknown
ATM_L1989F,ATM,L1989F,0.1142,unknown
ATM_G1980R,ATM,G1980R,0.1216,other
ATM_K792N,ATM,K792N,0.2689,unknown
ATM_F2827C,ATM,F2827C,0.5333,pathogenic
ATM_V1538L,ATM,V1538L,0.465,other
ATM_R2790S,ATM,R2790S,0.8718,VUS
ATM_E2837K,ATM,E2837K,0.8982,unknown
ATM_D1758N,ATM,D1758N,0.1265,unknown
ATM_E2094K,ATM,E2094K,0.1411,VUS
ATM_E2097K,ATM,E2097K,0.5044,VUS
ATM_E461D,ATM,E461D,0.5487,unknown
ATM_E2039K,ATM,E2039K,0.5489,pathogenic
ATM_Y2334D,ATM,Y2334D,0.426,unknown
ATM_T2771K,ATM,T2771K,0.157,VUS
ATM_E1800K,ATM,E1800K,0.0806,unknown
ATM_T2947N,ATM,T2947N,0.889,VUS
ATM_A1272S,ATM,A1272S,0.142,unknown
ATM_E1996K,ATM,E1996K,0.1781,VUS
ATM_A799T,ATM,A799T,0.0816,VUS
ATM_A2103T,ATM,A2103T,0.2272,unknown
ATM_A2225T,ATM,A2225T,0.1172,VUS
ATM_N1650S,ATM,N1650S,0.0484,benign
ATM_C2835F,ATM,C2835F,0.4175,unknown
ATM_F627S,ATM,F627S,0.5247,VUS
ATM_Q2730L,ATM,Q2730L,0.9227,VUS
ATM_L2005F,ATM,L2005F,0.4832,unknown
ATM_M1755I,ATM,M1755I,0.1474,VUS
ATM_V2808A,ATM,V2808A,0.0909,VUS
ATM_E2904Q,ATM,E2904Q,0.9874,VUS
ATM_R2719C,ATM,R2719C,0.1571,VUS
ATM_I2233T,ATM,I2233T,0.1594,VUS
ATM_R153K,ATM,R153K,0.468,unknown
ATM_I1294S,ATM,I1294S,0.8512,unknown
ATM_K2515Q,ATM,K2515Q,0.76,unknown
ATM_F2571C,ATM,F2571C,0.0864,unknown
ATM_R493C,ATM,R493C,0.1625,VUS
ATM_W2960L,ATM,W2960L,0.9852,VUS
ATM_H1443Y,ATM,H1443Y,0.0953,VUS
ATM_E1664G,ATM,E1664G,0.0958,VUS
ATM_L1845F,ATM,L1845F,0.1774,VUS
ATM_Q2724K,ATM,Q2724K,0.9485,VUS
ATM_K952N,ATM,K952N,0.5029,unknown
ATM_G529V,ATM,G529V,0.3443,unknown
ATM_C1045Y,ATM,C1045Y,0.7798,unknown
ATM_A1931T,ATM,A1931T,0.0807,VUS
ATM_D2016H,ATM,D2016H,0.98,unknown
ATM_G2695C,ATM,G2695C,0.9897,VUS
ATM_G1663V,ATM,G1663V,0.2375,VUS
ATM_P2699L,ATM,P2699L,0.992,VUS
ATM_R3008L,ATM,R3008L,0.9105,other
ATM_E2221K,ATM,E2221K,0.6864,VUS
ATM_G255R,ATM,G255R,0.8888,VUS
ATM_R1489C,ATM,R1489C,0.1725,VUS
ATM_E1724K,ATM,E1724K,0.1485,unknown
ATM_E2457Q,ATM,E2457Q,0.1152,unknown
ATM_L1472F,ATM,L1472F,0.4116,VUS
ATM_F30C,ATM,F30C,0.7963,VUS
ATM_L2659V,ATM,L2659V,0.1584,VUS
ATM_E1129K,ATM,E1129K,0.1081,VUS
ATM_L409F,ATM,L409F,0.19,VUS
ATM_F2558L,ATM,F2558L,0.8628,unknown
ATM_Y2521C,ATM,Y2521C,0.7625,VUS
ATM_W57L,ATM,W57L,0.967,unknown
ATM_D1637N,ATM,D1637N,0.09,VUS
ATM_R692H,ATM,R692H,0.0621,other
ATM_L1420F,ATM,L1420F,0.1248,benign
ATM_V2951I,ATM,V2951I,0.5481,other
ATM_L2098R,ATM,L2098R,0.214,VUS
ATM_L1517I,ATM,L1517I,0.2023,unknown
ATM_A2622V,ATM,A2622V,0.0972,pathogenic
ATM_S751F,ATM,S751F,0.155,unknown
ATM_E158K,ATM,E158K,0.6092,unknown
ATM_S2375R,ATM,S2375R,0.1416,VUS
ATM_G2695S,ATM,G2695S,0.9738,VUS
ATM_E2052K,ATM,E2052K,0.2997,other
ATM_W1058C,ATM,W1058C,0.9559,VUS
ATM_D2841N,ATM,D2841N,0.3201,VUS
ATM_G301C,ATM,G301C,0.6542,VUS
ATM_A2325V,ATM,A2325V,0.0777,other
ATM_L1419I,ATM,L1419I,0.2831,VUS
PALB2_M668I,PALB2,M668I,0.2402,VUS
PALB2_D772N,PALB2,D772N,0.087,VUS
PALB2_E322Q,PALB2,E322Q,0.1258,VUS
PALB2_K1048N,PALB2,K1048N,0.3567,unknown
PALB2_S778N,PALB2,S778N,0.1037,VUS
PALB2_M1022I,PALB2,M1022I,0.2873,VUS
PALB2_T86I,PALB2,T86I,0.1409,VUS
PALB2_E650Q,PALB2,E650Q,0.1502,VUS
PALB2_P918A,PALB2,P918A,0.3421,unknown
PALB2_G509A,PALB2,G509A,0.1178,unknown
PALB2_W575C,PALB2,W575C,0.1555,VUS
PALB2_D277N,PALB2,D277N,0.1015,other
PALB2_E426Q,PALB2,E426Q,0.1762,unknown
PALB2_N938S,PALB2,N938S,0.0887,other
PALB2_Y334H,PALB2,Y334H,0.0961,unknown
PALB2_E1011K,PALB2,E1011K,0.5598,VUS
PALB2_L556F,PALB2,L556F,0.0869,unknown
PALB2_P104R,PALB2,P104R,0.1002,unknown
PALB2_E426K,PALB2,E426K,0.1691,VUS
PALB2_E673Q,PALB2,E673Q,0.1688,unknown
PALB2_K623Q,PALB2,K623Q,0.5306,unknown
PALB2_G998E,PALB2,G998E,0.2589,benign
PALB2_E672Q,PALB2,E672Q,0.1343,benign
PALB2_C891W,PALB2,C891W,0.5902,VUS
PALB2_V410F,PALB2,V410F,0.4167,unknown
PALB2_A491T,PALB2,A491T,0.0837,other
PALB2_G1068R,PALB2,G1068R,0.9447,VUS
PALB2_S220C,PALB2,S220C,0.0853,unknown
PALB2_E672D,PALB2,E672D,0.1517,VUS
PALB2_R282T,PALB2,R282T,0.0848,unknown
PALB2_P358L,PALB2,P358L,0.0887,other
PALB2_R120K,PALB2,R120K,0.0969,unknown
PALB2_C419F,PALB2,C419F,0.0928,VUS
PALB2_S259N,PALB2,S259N,0.0991,VUS
PALB2_E215Q,PALB2,E215Q,0.1496,unknown
PALB2_C11F,PALB2,C11F,0.1086,unknown
PALB2_V925M,PALB2,V925M,0.1429,other
PALB2_E1010K,PALB2,E1010K,0.0953,VUS
PALB2_L35F,PALB2,L35F,0.7928,VUS
PALB2_Q420R,PALB2,Q420R,0.1358,unknown
PALB2_K49N,PALB2,K49N,0.3516,VUS
PALB2_P707L,PALB2,P707L,0.2056,VUS
PALB2_L88F,PALB2,L88F,0.0922,VUS
PALB2_S599N,PALB2,S599N,0.1025,unknown
PALB2_D848H,PALB2,D848H,0.1341,VUS
PALB2_G793D,PALB2,G793D,0.1362,unknown
PALB2_E940G,PALB2,E940G,0.5427,VUS
PALB2_F1016Y,PALB2,F1016Y,0.496,unknown
PALB2_E19D,PALB2,E19D,0.4632,VUS
PALB2_I1051T,PALB2,I1051T,0.1193,VUS
PALB2_E545K,PALB2,E545K,0.1092,VUS
PALB2_E990K,PALB2,E990K,0.1871,unknown
PALB2_D902N,PALB2,D902N,0.1123,unknown
PALB2_L143M,PALB2,L143M,0.1112,unknown
PALB2_S1155C,PALB2,S1155C,0.1037,other
PALB2_V1103M,PALB2,V1103M,0.0736,other
PALB2_S835F,PALB2,S835F,0.1277,VUS
PALB2_G780V,PALB2,G780V,0.1029,VUS
PALB2_A968V,PALB2,A968V,0.23,VUS
PALB2_P726L,PALB2,P726L,0.1075,VUS
PALB2_V1123A,PALB2,V1123A,0.7167,unknown
PALB2_I702T,PALB2,I702T,0.2179,unknown
PALB2_G1113V,PALB2,G1113V,0.3683,unknown
PALB2_L731F,PALB2,L731F,0.1469,unknown
PALB2_P8L,PALB2,P8L,0.1251,other
PALB2_R753Q,PALB2,R753Q,0.0698,other
PALB2_K436N,PALB2,K436N,0.4702,VUS
PALB2_V132A,PALB2,V132A,0.1279,unknown
PALB2_L389F,PALB2,L389F,0.0794,VUS
PALB2_R663H,PALB2,R663H,0.0805,other
PALB2_C1147F,PALB2,C1147F,0.698,unknown
PALB2_Y79F,PALB2,Y79F,0.1009,unknown
PALB2_R975S,PALB2,R975S,0.5291,benign
PALB2_D56Y,PALB2,D56Y,0.1054,VUS
PALB2_P358S,PALB2,P358S,0.0762,other
PALB2_Q568E,PALB2,Q568E,0.09,VUS
PALB2_S534P,PALB2,S534P,0.0859,unknown
PALB2_T274S,PALB2,T274S,0.1206,VUS
PALB2_A188S,PALB2,A188S,0.0788,VUS
PALB2_S395Y,PALB2,S395Y,0.1807,VUS
PALB2_R942T,PALB2,R942T,0.2099,unknown
PALB2_A900V,PALB2,A900V,0.1447,other
PALB2_H834Q,PALB2,H834Q,0.1087,unknown
PALB2_S328Y,PALB2,S328Y,0.0914,VUS
PALB2_A1025S,PALB2,A1025S,0.1434,VUS
PALB2_P661L,PALB2,P661L,0.1083,benign
PALB2_K1041E,PALB2,K1041E,0.1617,VUS
PALB2_S478F,PALB2,S478F,0.1676,VUS
PALB2_I281V,PALB2,I281V,0.0902,VUS
PALB2_L909R,PALB2,L909R,0.1071,unknown
PALB2_R753L,PALB2,R753L,0.1095,unknown
PALB2_S271R,PALB2,S271R,0.2102,other
PALB2_G492W,PALB2,G492W,0.2607,unknown
PALB2_G738D,PALB2,G738D,0.1295,VUS
PALB2_L583F,PALB2,L583F,0.1123,VUS
PALB2_E570Q,PALB2,E570Q,0.1604,VUS
PALB2_D56N,PALB2,D56N,0.0836,unknown
PALB2_P810L,PALB2,P810L,0.0637,VUS
PALB2_E650K,PALB2,E650K,0.0955,VUS
PALB2_A903V,PALB2,A903V,0.0944,VUS
PALB2_P1009S,PALB2,P1009S,0.2854,VUS
PALB2_H593Y,PALB2,H593Y,0.0794,unknown
PALB2_P656L,PALB2,P656L,0.0776,other
PALB2_F818S,PALB2,F818S,0.0994,other
PALB2_I1093S,PALB2,I1093S,0.3552,unknown
PALB2_K441T,PALB2,K441T,0.2247,unknown
PALB2_G562E,PALB2,G562E,0.1203,VUS
PALB2_Q829H,PALB2,Q829H,0.1498,unknown
PALB2_S778I,PALB2,S778I,0.1031,unknown
PALB2_L970F,PALB2,L970F,0.1899,VUS
PALB2_L1070P,PALB2,L1070P,0.9721,VUS
PALB2_L769P,PALB2,L769P,0.0911,unknown
PALB2_L573F,PALB2,L573F,0.0851,unknown
PALB2_F948C,PALB2,F948C,0.1695,unknown
PALB2_K441N,PALB2,K441N,0.4706,VUS
PALB2_E837K,PALB2,E837K,0.0943,other
PALB2_E570K,PALB2,E570K,0.1031,VUS
PALB2_D674N,PALB2,D674N,0.0982,other
PALB2_T521A,PALB2,T521A,0.093,VUS
CHEK2_V198L,CHEK2,V198L,0.9107,other
CHEK2_E340K,CHEK2,E340K,0.0971,VUS
CHEK2_P92F,CHEK2,P92F,0.6908,unknown
CHEK2_G306R,CHEK2,G306R,0.9944,VUS
CHEK2_R145L,CHEK2,R145L,0.8289,unknown
CHEK2_R346S,CHEK2,R346S,0.9976,VUS
CHEK2_D347Y,CHEK2,D347Y,0.9933,unknown
CHEK2_R181L,CHEK2,R181L,0.1236,unknown
CHEK2_R180C,CHEK2,R180C,0.1852,other
CHEK2_F125V,CHEK2,F125V,0.8934,unknown
CHEK2_G342D,CHEK2,G342D,0.4194,VUS
CHEK2_S50T,CHEK2,S50T,0.0793,unknown
CHEK2_S456L,CHEK2,S456L,0.9287,VUS
CHEK2_K320R,CHEK2,K320R,0.0824,unknown
CHEK2_E161Q,CHEK2,E161Q,0.4908,VUS
CHEK2_L226F,CHEK2,L226F,0.9667,unknown
CHEK2_K365N,CHEK2,K365N,0.9959,VUS
CHEK2_S379C,CHEK2,S379C,0.3219,VUS
CHEK2_D296N,CHEK2,D296N,0.5131,VUS
CHEK2_H163D,CHEK2,H163D,0.7859,VUS
CHEK2_R145W,CHEK2,R145W,0.8312,pathogenic
CHEK2_S187C,CHEK2,S187C,0.1174,unknown
CHEK2_R117M,CHEK2,R117M,0.9983,VUS
CHEK2_R180H,CHEK2,R180H,0.1884,other
CHEK2_V395L,CHEK2,V395L,0.885,VUS
CHEK2_S50N,CHEK2,S50N,0.1658,unknown
CHEK2_G306E,CHEK2,G306E,0.9917,VUS
CHEK2_K464N,CHEK2,K464N,0.5902,VUS
CHEK2_A237T,CHEK2,A237T,0.9638,VUS
CHEK2_S356L,CHEK2,S356L,0.1914,VUS
CHEK2_A190V,CHEK2,A190V,0.9812,VUS
CHEK2_M304I,CHEK2,M304I,0.9478,VUS
CHEK2_R145Q,CHEK2,R145Q,0.3001,VUS
CHEK2_E457K,CHEK2,E457K,0.0926,unknown
CHEK2_M381I,CHEK2,M381I,0.9955,VUS
CHEK2_E239K,CHEK2,E239K,0.6026,other
CHEK2_L348F,CHEK2,L348F,0.9828,VUS
CHEK2_G400V,CHEK2,G400V,0.6701,VUS
CHEK2_E107K,CHEK2,E107K,0.5746,other
CHEK2_R346G,CHEK2,R346G,0.9651,VUS
CHEK2_E86Q,CHEK2,E86Q,0.1088,VUS
CHEK2_Q510H,CHEK2,Q510H,0.0935,other
CHEK2_R346C,CHEK2,R346C,0.9306,other
CHEK2_R132I,CHEK2,R132I,0.2014,VUS
CHEK2_H282Y,CHEK2,H282Y,0.8029,VUS
CHEK2_R3Q,CHEK2,R3Q,0.107,VUS
CHEK2_H13Y,CHEK2,H13Y,0.0757,unknown
CHEK2_P182S,CHEK2,P182S,0.8932,VUS
CHEK2_E188K,CHEK2,E188K,0.7155,VUS
CHEK2_H13N,CHEK2,H13N,0.0606,VUS
CHEK2_A540V,CHEK2,A540V,0.1527,VUS
CHEK2_G102A,CHEK2,G102A,0.527,VUS
CHEK2_A190S,CHEK2,A190S,0.1601,VUS
CHEK2_D218N,CHEK2,D218N,0.0991,unknown
CHEK2_P88S,CHEK2,P88S,0.0876,unknown
CHEK2_Y390D,CHEK2,Y390D,0.9965,unknown
CHEK2_D203N,CHEK2,D203N,0.6621,VUS
CHEK2_A230P,CHEK2,A230P,0.957,other
CHEK2_P426L,CHEK2,P426L,0.9858,VUS
CHEK2_P128L,CHEK2,P128L,0.1453,VUS
CHEK2_M46T,CHEK2,M46T,0.0703,unknown
CHEK2_K472N,CHEK2,K472N,0.1586,unknown
CHEK2_K465E,CHEK2,K465E,0.3049,unknown
BRIP1_R459T,BRIP1,R459T,0.3086,unknown
BRIP1_Q155H,BRIP1,Q155H,0.1791,unknown
BRIP1_W839S,BRIP1,W839S,0.8449,unknown
BRIP1_D898N,BRIP1,D898N,0.0662,VUS
BRIP1_E636K,BRIP1,E636K,0.9042,VUS
BRIP1_I896M,BRIP1,I896M,0.0608,unknown
BRIP1_L796I,BRIP1,L796I,0.3867,unknown
BRIP1_P785S,BRIP1,P785S,0.9806,unknown
BRIP1_S988Y,BRIP1,S988Y,0.206,unknown
BRIP1_R658Q,BRIP1,R658Q,0.0748,VUS
BRIP1_G120D,BRIP1,G120D,0.0713,VUS
BRIP1_A745T,BRIP1,A745T,0.1319,other
BRIP1_A824V,BRIP1,A824V,0.8467,unknown
BRIP1_I504F,BRIP1,I504F,0.0712,VUS
BRIP1_D773Y,BRIP1,D773Y,0.9119,unknown
BRIP1_R823S,BRIP1,R823S,0.9979,VUS
BRIP1_L415P,BRIP1,L415P,0.9946,VUS
BRIP1_S92L,BRIP1,S92L,0.0802,VUS
BRIP1_S854C,BRIP1,S854C,0.0774,unknown
BRIP1_E157K,BRIP1,E157K,0.1715,VUS
BRIP1_R850S,BRIP1,R850S,0.1626,VUS
BRIP1_L909P,BRIP1,L909P,0.0685,VUS
BRIP1_G529E,BRIP1,G529E,0.7089,VUS
BRIP1_I1206S,BRIP1,I1206S,0.0747,unknown
BRIP1_S927G,BRIP1,S927G,0.0654,VUS
BRIP1_L537V,BRIP1,L537V,0.1493,VUS
BRIP1_G690R,BRIP1,G690R,0.9907,VUS
BRIP1_R264W,BRIP1,R264W,0.1931,other
BRIP1_D1051G,BRIP1,D1051G,0.0617,unknown
BRIP1_S872L,BRIP1,S872L,0.0681,VUS
BRIP1_G1247A,BRIP1,G1247A,0.0745,VUS
BRIP1_R1035C,BRIP1,R1035C,0.0873,other
BRIP1_R848C,BRIP1,R848C,0.9159,VUS
BRIP1_G290D,BRIP1,G290D,0.2144,VUS
BRIP1_G103E,BRIP1,G103E,0.0762,unknown
BRIP1_R403L,BRIP1,R403L,0.8788,unknown
BRIP1_S861F,BRIP1,S861F,0.9884,unknown
BRIP1_R848H,BRIP1,R848H,0.8672,other
BRIP1_E883K,BRIP1,E883K,0.0798,VUS
BRIP1_K940N,BRIP1,K940N,0.1148,VUS
BRIP1_A977S,BRIP1,A977S,0.0726,VUS
BRIP1_R831K,BRIP1,R831K,0.9645,VUS
BRIP1_D838H,BRIP1,D838H,0.9938,VUS
BRIP1_W816L,BRIP1,W816L,0.99,VUS
BRIP1_Y743C,BRIP1,Y743C,0.1365,VUS
BRIP1_E967D,BRIP1,E967D,0.095,unknown
BRIP1_D904E,BRIP1,D904E,0.0833,VUS
BRIP1_G249A,BRIP1,G249A,0.3138,unknown
BRIP1_P1238S,BRIP1,P1238S,0.0717,VUS
BRIP1_G763C,BRIP1,G763C,0.9831,unknown
BRIP1_C350F,BRIP1,C350F,0.9809,unknown
BRIP1_S614Y,BRIP1,S614Y,0.998,unknown
BRIP1_P71L,BRIP1,P71L,0.0702,VUS
BRIP1_R707C,BRIP1,R707C,0.7234,VUS
BRIP1_K1078N,BRIP1,K1078N,0.1465,VUS
BRIP1_R999I,BRIP1,R999I,0.0842,VUS
BRIP1_R707H,BRIP1,R707H,0.5777,VUS
BRIP1_C219F,BRIP1,C219F,0.2925,unknown
BRIP1_A395T,BRIP1,A395T,0.9614,VUS
BRIP1_L680F,BRIP1,L680F,0.3281,unknown
BRIP1_Q820E,BRIP1,Q820E,0.3549,unknown
BRIP1_R581Q,BRIP1,R581Q,0.1207,other
BRIP1_S1239F,BRIP1,S1239F,0.1145,VUS
BRIP1_R294S,BRIP1,R294S,0.8641,unknown
BRIP1_E945K,BRIP1,E945K,0.0792,VUS
BRIP1_V646F,BRIP1,V646F,0.4218,VUS
BRIP1_A267T,BRIP1,A267T,0.116,VUS
BRIP1_L571F,BRIP1,L571F,0.0625,VUS
BRIP1_K209R,BRIP1,K209R,0.0832,other
BRIP1_T96A,BRIP1,T96A,0.0653,VUS
BRIP1_Q65E,BRIP1,Q65E,0.1067,unknown
BRIP1_Q64K,BRIP1,Q64K,0.2302,unknown
BRIP1_D744G,BRIP1,D744G,0.2354,unknown
BRIP1_G69V,BRIP1,G69V,0.1145,unknown
BRIP1_L704V,BRIP1,L704V,0.1455,unknown
BRIP1_H1227L,BRIP1,H1227L,0.0832,VUS
BRIP1_L340R,BRIP1,L340R,0.9534,unknown
BRIP1_V891L,BRIP1,V891L,0.0895,VUS
BRIP1_A355T,BRIP1,A355T,0.2147,unknown
BRIP1_P351L,BRIP1,P351L,0.7457,VUS
BRIP1_P727Q,BRIP1,P727Q,0.4893,VUS
BRIP1_S960T,BRIP1,S960T,0.0715,unknown
BRIP1_M331T,BRIP1,M331T,0.4097,unknown
BRIP1_Q524L,BRIP1,Q524L,0.1941,VUS
BRIP1_F973L,BRIP1,F973L,0.125,VUS
BRIP1_H1200L,BRIP1,H1200L,0.0762,unknown
BRIP1_T632I,BRIP1,T632I,0.2464,VUS
BRIP1_D400E,BRIP1,D400E,0.2857,unknown
BRIP1_S206L,BRIP1,S206L,0.0642,other
BRIP1_I525V,BRIP1,I525V,0.0736,unknown
BRIP1_E671Q,BRIP1,E671Q,0.1043,unknown
BRIP1_A1150S,BRIP1,A1150S,0.0699,VUS
BRIP1_A55V,BRIP1,A55V,0.9209,VUS
BRIP1_E421K,BRIP1,E421K,0.7721,VUS
BRIP1_E300K,BRIP1,E300K,0.4112,VUS
BRIP1_P1092S,BRIP1,P1092S,0.0683,VUS
BRIP1_P488L,BRIP1,P488L,0.1416,VUS
BRIP1_E668K,BRIP1,E668K,0.7447,unknown
BRIP1_L825S,BRIP1,L825S,0.9621,unknown
BRIP1_G1065R,BRIP1,G1065R,0.0888,VUS
BRIP1_M1041L,BRIP1,M1041L,0.0923,VUS
BRIP1_Q255H,BRIP1,Q255H,0.9977,pathogenic
BRIP1_H639D,BRIP1,H639D,0.9715,unknown
BRIP1_S580L,BRIP1,S580L,0.0571,other
BRIP1_S697F,BRIP1,S697F,0.9764,unknown
BRIP1_S112I,BRIP1,S112I,0.1026,unknown
BRIP1_V943D,BRIP1,V943D,0.108,unknown
BRIP1_L892I,BRIP1,L892I,0.0573,benign
BRIP1_N604D,BRIP1,N604D,0.0818,unknown
BRIP1_P1246H,BRIP1,P1246H,0.0876,unknown
BRIP1_K503Q,BRIP1,K503Q,0.1156,VUS
BRIP1_R439Q,BRIP1,R439Q,0.0912,VUS
BRIP1_P163S,BRIP1,P163S,0.0807,other
BRIP1_L199P,BRIP1,L199P,0.0592,unknown
RAD51C_P299S,RAD51C,P299S,0.8158,VUS
RAD51C_S163R,RAD51C,S163R,0.9815,VUS
RAD51C_P43L,RAD51C,P43L,0.3116,VUS
RAD51C_D202V,RAD51C,D202V,0.1635,unknown
RAD51C_S105L,RAD51C,S105L,0.1475,VUS
RAD51C_Y209C,RAD51C,Y209C,0.1603,unknown
RAD51C_A155T,RAD51C,A155T,0.136,VUS
RAD51C_R292K,RAD51C,R292K,0.0653,other
RAD51C_T5M,RAD51C,T5M,0.12,other
RAD51C_V151M,RAD51C,V151M,0.1445,other
RAD51C_D291Y,RAD51C,D291Y,0.187,unknown
RAD51C_E59K,RAD51C,E59K,0.1958,VUS
RAD51C_L201F,RAD51C,L201F,0.2269,VUS
RAD51C_R249C,RAD51C,R249C,0.573,VUS
RAD51C_E161D,RAD51C,E161D,0.83,other
RAD51C_T102I,RAD51C,T102I,0.9112,other
RAD51C_P21A,RAD51C,P21A,0.0853,other
RAD51C_R7C,RAD51C,R7C,0.1027,other
RAD51C_E89K,RAD51C,E89K,0.2233,other
RAD51C_E80Q,RAD51C,E80Q,0.0793,unknown
RAD51C_R368Q,RAD51C,R368Q,0.1485,VUS
RAD51C_R168K,RAD51C,R168K,0.6582,VUS
RAD51C_K83N,RAD51C,K83N,0.197,other
RAD51C_D108Y,RAD51C,D108Y,0.9721,VUS
RAD51C_Q178E,RAD51C,Q178E,0.0667,unknown
RAD51C_R214C,RAD51C,R214C,0.1106,other
RAD51C_P21S,RAD51C,P21S,0.1409,VUS
RAD51C_D167N,RAD51C,D167N,0.0994,benign
RAD51C_R12Q,RAD51C,R12Q,0.2373,other
RAD51C_H316Y,RAD51C,H316Y,0.1126,benign
RAD51C_A354T,RAD51C,A354T,0.0641,other
RAD51C_S29P,RAD51C,S29P,0.4685,unknown
RAD51C_G98S,RAD51C,G98S,0.1096,unknown
RAD51C_P330S,RAD51C,P330S,0.5157,other
RAD51C_S362F,RAD51C,S362F,0.0815,other
RAD51C_D13N,RAD51C,D13N,0.1168,other
RAD51C_K235Q,RAD51C,K235Q,0.1125,unknown
RAD51D_A209V,RAD51D,A209V,0.5119,unknown
RAD51D_L183V,RAD51D,L183V,0.3628,unknown
RAD51D_L152F,RAD51D,L152F,0.2748,unknown
RAD51D_M16T,RAD51D,M16T,0.1305,other
RAD51D_R154H,RAD51D,R154H,0.335,unknown
RAD51D_V92I,RAD51D,V92I,0.1896,unknown
RAD51D_G176D,RAD51D,G176D,0.8923,unknown
RAD51D_G130D,RAD51D,G130D,0.673,unknown
RAD51D_K89N,RAD51D,K89N,0.9851,unknown
RAD51D_R5K,RAD51D,R5K,0.144,VUS
RAD51D_R163Q,RAD51D,R163Q,0.7361,unknown
RAD51D_E14Q,RAD51D,E14Q,0.0819,VUS
RAD51D_M116I,RAD51D,M116I,0.0982,unknown
RAD51D_R141Q,RAD51D,R141Q,0.6093,unknown
RAD51D_K123N,RAD51D,K123N,0.5,unknown
RAD51D_P10H,RAD51D,P10H,0.5478,unknown
RAD51D_Q215H,RAD51D,Q215H,0.4826,unknown
RAD51D_A78T,RAD51D,A78T,0.1102,unknown
RAD51D_A181V,RAD51D,A181V,0.5,unknown
RAD51D_S95L,RAD51D,S95L,0.2713,unknown
RAD51D_S187F,RAD51D,S187F,0.3051,unknown
RAD51D_C182Y,RAD51D,C182Y,0.8667,unknown
RAD51D_L67P,RAD51D,L67P,0.6372,unknown
RAD51D_E72V,RAD51D,E72V,0.7851,unknown
RAD51D_D94N,RAD51D,D94N,0.6154,unknown
RAD51D_G177S,RAD51D,G177S,0.195,unknown
RAD51B_E230G,RAD51B,E230G,0.1666,unknown
RAD51B_K243R,RAD51B,K243R,0.2098,benign
RAD51B_R74M,RAD51B,R74M,0.1448,unknown
RAD51B_G2C,RAD51B,G2C,0.2036,unknown
RAD51B_D314H,RAD51B,D314H,0.2687,unknown
RAD51B_H178Q,RAD51B,H178Q,0.2784,unknown
RAD51B_F333L,RAD51B,F333L,0.8107,VUS
RAD51B_R159H,RAD51B,R159H,0.2434,benign
RAD51B_S88F,RAD51B,S88F,0.1031,unknown
RAD51B_L321R,RAD51B,L321R,0.1837,unknown
RAD51B_V207A,RAD51B,V207A,0.7313,unknown
RAD51B_G10C,RAD51B,G10C,0.2322,unknown
RAD51B_R159C,RAD51B,R159C,0.301,VUS
RAD51B_L103F,RAD51B,L103F,0.5746,unknown
RAD51B_P329L,RAD51B,P329L,0.2212,unknown
RAD51B_S34F,RAD51B,S34F,0.674,VUS
RAD51B_L172S,RAD51B,L172S,0.0921,unknown
RAD51B_G108D,RAD51B,G108D,0.9886,unknown
RAD51B_E247K,RAD51B,E247K,0.1542,unknown
RAD51B_Q223H,RAD51B,Q223H,0.1297,unknown
RAD51B_M131I,RAD51B,M131I,0.3003,unknown
RAD51B_D77N,RAD51B,D77N,0.0656,VUS
RAD51B_P109S,RAD51B,P109S,0.3804,unknown
RAD51B_G341V,RAD51B,G341V,0.915,VUS
RAD51B_P326S,RAD51B,P326S,0.5387,unknown
RAD51B_R18H,RAD51B,R18H,0.1671,VUS
RAD51B_E339K,RAD51B,E339K,0.0639,unknown
RAD51B_G101A,RAD51B,G101A,0.4443,unknown
RAD51B_I155M,RAD51B,I155M,0.076,unknown
RAD51B_R47Q,RAD51B,R47Q,0.0688,benign
RAD51B_G288E,RAD51B,G288E,0.1256,other
RAD51B_K114Q,RAD51B,K114Q,0.9891,unknown
RAD51B_S84Y,RAD51B,S84Y,0.1903,unknown
RAD51B_E92K,RAD51B,E92K,0.0657,benign
RAD51B_A137V,RAD51B,A137V,0.1819,unknown
RAD51_E98K,RAD51,E98K,0.8955,unknown
RAD51_T104A,RAD51,T104A,0.6922,unknown
RAD51_K73T,RAD51,K73T,0.9569,unknown
RAD51_D222A,RAD51,D222A,0.9991,unknown
RAD51_H199Y,RAD51,H199Y,0.9326,unknown
RAD51_D12H,RAD51,D12H,0.2108,unknown
RAD51_L171P,RAD51,L171P,0.997,unknown
RAD51_G21D,RAD51,G21D,0.9173,unknown
RAD51_G182D,RAD51,G182D,0.7637,unknown
RAD51_G120A,RAD51,G120A,0.7915,unknown
RAD51_H138D,RAD51,H138D,0.998,unknown
RAD51_S239L,RAD51,S239L,0.7445,unknown
RAD51_E258K,RAD51,E258K,0.956,pathogenic
RAD51_E258Q,RAD51,E258Q,0.6497,unknown
RAD51_E50Q,RAD51,E50Q,0.7378,unknown
RAD51_S317F,RAD51,S317F,0.999,unknown
RAD51_G155E,RAD51,G155E,0.9985,VUS
RAD51_G116E,RAD51,G116E,0.9992,unknown
RAD51_A226T,RAD51,A226T,0.8326,VUS
RAD51_E176K,RAD51,E176K,0.3616,unknown
RAD51_E43D,RAD51,E43D,0.0858,unknown
RAD51_A55V,RAD51,A55V,0.2233,benign
RAD51_E176Q,RAD51,E176Q,0.1681,unknown
RAD51_M210I,RAD51,M210I,0.9026,unknown
RAD51_E29Q,RAD51,E29Q,0.1475,unknown
RAD51_G275R,RAD51,G275R,0.997,unknown
RAD51_R250Q,RAD51,R250Q,0.9456,pathogenic
RAD51_L113P,RAD51,L113P,0.9986,unknown
RAD54L_I272M,RAD54L,I272M,0.6774,VUS
RAD54L_S487C,RAD54L,S487C,0.0722,unknown
RAD54L_R634C,RAD54L,R634C,0.9616,pathogenic
RAD54L_R747H,RAD54L,R747H,0.0819,unknown
RAD54L_E628K,RAD54L,E628K,0.9938,unknown
RAD54L_D647E,RAD54L,D647E,0.9451,VUS
RAD54L_K515R,RAD54L,K515R,0.0938,unknown
RAD54L_R172H,RAD54L,R172H,0.18,unknown
RAD54L_P50A,RAD54L,P50A,0.1415,VUS
RAD54L_R688H,RAD54L,R688H,0.0739,benign
RAD54L_G94N,RAD54L,G94N,0.347,unknown
RAD54L_S220F,RAD54L,S220F,0.9872,unknown
RAD54L_S274C,RAD54L,S274C,0.9461,unknown
RAD54L_S274T,RAD54L,S274T,0.9443,unknown
RAD54L_Q689E,RAD54L,Q689E,0.0744,unknown
RAD54L_G17S,RAD54L,G17S,0.0808,VUS
RAD54L_P92S,RAD54L,P92S,0.0658,VUS
RAD54L_K425R,RAD54L,K425R,0.0701,unknown
RAD54L_T190M,RAD54L,T190M,0.9935,VUS
RAD54L_A72S,RAD54L,A72S,0.0995,unknown
RAD54L_Q329H,RAD54L,Q329H,0.9988,unknown
RAD54L_H356Y,RAD54L,H356Y,0.0978,unknown
RAD54L_E334D,RAD54L,E334D,0.9946,unknown
RAD54L_F341V,RAD54L,F341V,0.9592,unknown
RAD54L_K354E,RAD54L,K354E,0.8403,unknown
RAD54L_P7S,RAD54L,P7S,0.9401,unknown
RAD54L_P32H,RAD54L,P32H,0.0828,VUS
RAD54L_K302N,RAD54L,K302N,0.9996,VUS
RAD54L_D116H,RAD54L,D116H,0.3449,unknown
RAD54L_D130Y,RAD54L,D130Y,0.2602,unknown
RAD54L_R688C,RAD54L,R688C,0.1092,unknown
RAD54L_R279L,RAD54L,R279L,0.9644,unknown
RAD54L_R35Q,RAD54L,R35Q,0.079,VUS
RAD54L_P50H,RAD54L,P50H,0.2339,VUS
RAD54L_R262H,RAD54L,R262H,0.0782,VUS
RAD54L_R682Q,RAD54L,R682Q,0.0807,unknown
RAD54L_Q689H,RAD54L,Q689H,0.6789,VUS
RAD54L_Q203H,RAD54L,Q203H,0.9823,VUS
RAD54L_Q420R,RAD54L,Q420R,0.9789,unknown
RAD54L_G345S,RAD54L,G345S,0.2835,unknown
RAD54L_G17D,RAD54L,G17D,0.0785,unknown
RAD54L_P483S,RAD54L,P483S,0.0677,unknown
RAD54L_E166K,RAD54L,E166K,0.6692,unknown
RAD54L_G579V,RAD54L,G579V,0.999,unknown
RAD54L_R18M,RAD54L,R18M,0.1244,unknown
RAD54L_F47I,RAD54L,F47I,0.1197,unknown
RAD54L_R394Q,RAD54L,R394Q,0.9691,VUS
RAD54L_G325R,RAD54L,G325R,0.9996,pathogenic
RAD54L_C207S,RAD54L,C207S,0.2469,VUS
RAD54L_G576V,RAD54L,G576V,0.9983,unknown
RAD54L_R634H,RAD54L,R634H,0.9478,benign
RAD54L_R534H,RAD54L,R534H,0.1282,benign
RAD54L_D244N,RAD54L,D244N,0.681,unknown
RAD54L_S513R,RAD54L,S513R,0.2523,unknown
RAD54L_V168I,RAD54L,V168I,0.1876,VUS
RAD54L_E229K,RAD54L,E229K,0.9977,unknown
RAD54L_E276Q,RAD54L,E276Q,0.9887,unknown
BARD1_T719R,BARD1,T719R,0.687,unknown
BARD1_P252S,BARD1,P252S,0.0745,VUS
BARD1_D741H,BARD1,D741H,0.3018,VUS
BARD1_L585I,BARD1,L585I,0.1905,VUS
BARD1_S401N,BARD1,S401N,0.0934,VUS
BARD1_A189T,BARD1,A189T,0.0656,other
BARD1_R31C,BARD1,R31C,0.1742,VUS
BARD1_G627R,BARD1,G627R,0.8769,VUS
BARD1_P365S,BARD1,P365S,0.0722,unknown
BARD1_Y676F,BARD1,Y676F,0.1469,unknown
BARD1_S515F,BARD1,S515F,0.1393,VUS
BARD1_K217T,BARD1,K217T,0.0833,unknown
BARD1_P358L,BARD1,P358L,0.0684,other
BARD1_S376L,BARD1,S376L,0.061,other
BARD1_N73S,BARD1,N73S,0.0633,VUS
BARD1_T490I,BARD1,T490I,0.3818,VUS
BARD1_R566G,BARD1,R566G,0.108,unknown
BARD1_R370H,BARD1,R370H,0.0847,other
BARD1_R322H,BARD1,R322H,0.077,other
BARD1_A283V,BARD1,A283V,0.1687,VUS
BARD1_G377R,BARD1,G377R,0.0632,VUS
BARD1_E537K,BARD1,E537K,0.0683,VUS
BARD1_E287G,BARD1,E287G,0.1052,VUS
BARD1_A502N,BARD1,A502N,0.7747,unknown
BARD1_G320E,BARD1,G320E,0.0952,VUS
BARD1_S199P,BARD1,S199P,0.071,VUS
BARD1_T276I,BARD1,T276I,0.1377,unknown
BARD1_H473L,BARD1,H473L,0.7584,unknown
BARD1_W762F,BARD1,W762F,0.4578,unknown
BARD1_R725I,BARD1,R725I,0.1195,VUS
BARD1_N113H,BARD1,N113H,0.0753,VUS
BARD1_P187A,BARD1,P187A,0.0764,unknown
BARD1_V695I,BARD1,V695I,0.0787,other
BARD1_E193Q,BARD1,E193Q,0.0861,unknown
BARD1_S553L,BARD1,S553L,0.0687,VUS
BARD1_E125Q,BARD1,E125Q,0.13,unknown
BARD1_K311N,BARD1,K311N,0.1469,other
BARD1_A697S,BARD1,A697S,0.1188,unknown
BARD1_E125K,BARD1,E125K,0.0982,VUS
BARD1_E234K,BARD1,E234K,0.077,VUS
BARD1_P366L,BARD1,P366L,0.0737,VUS
BARD1_D453G,BARD1,D453G,0.7374,VUS
BARD1_R21G,BARD1,R21G,0.0641,VUS
BARD1_V372F,BARD1,V372F,0.0859,unknown
BARD1_D601H,BARD1,D601H,0.2945,VUS
BARD1_P7L,BARD1,P7L,0.1103,unknown
BARD1_N744S,BARD1,N744S,0.0651,benign
BARD1_E287A,BARD1,E287A,0.0988,unknown
BARD1_P411L,BARD1,P411L,0.1061,VUS
BARD1_D500H,BARD1,D500H,0.907,VUS
BARD1_G227S,BARD1,G227S,0.0713,VUS
BARD1_R641Q,BARD1,R641Q,0.0495,other
BARD1_D135Y,BARD1,D135Y,0.1253,unknown
BARD1_D535V,BARD1,D535V,0.1299,unknown
BARD1_V767A,BARD1,V767A,0.3284,VUS
BARD1_Q730L,BARD1,Q730L,0.4607,unknown
BARD1_P411S,BARD1,P411S,0.0814,VUS
BARD1_D536N,BARD1,D536N,0.0596,VUS
BARD1_D567A,BARD1,D567A,0.0973,unknown
BARD1_L570R,BARD1,L570R,0.1615,unknown
BARD1_G345E,BARD1,G345E,0.0829,unknown
BARD1_S186T,BARD1,S186T,0.0688,unknown
BARD1_S186G,BARD1,S186G,0.1165,other
BARD1_G264D,BARD1,G264D,0.0809,unknown
BARD1_P331F,BARD1,P331F,0.2118,unknown
BARD1_G137E,BARD1,G137E,0.0656,unknown
BARD1_H499Y,BARD1,H499Y,0.6351,unknown
BARD1_S241F,BARD1,S241F,0.2429,VUS
BARD1_V720A,BARD1,V720A,0.3937,unknown
BARD1_R565S,BARD1,R565S,0.3269,VUS
BARD1_S381N,BARD1,S381N,0.0806,unknown
BARD1_E301K,BARD1,E301K,0.0793,VUS
BARD1_E221D,BARD1,E221D,0.1001,unknown
BARD1_K144N,BARD1,K144N,0.8613,VUS
BARD1_S247F,BARD1,S247F,0.1203,unknown
BARD1_D440G,BARD1,D440G,0.8689,VUS
BARD1_R406Q,BARD1,R406Q,0.0861,other
BARD1_A724V,BARD1,A724V,0.6262,VUS
BARD1_I525R,BARD1,I525R,0.7916,unknown
BARD1_V604I,BARD1,V604I,0.1525,other
BARD1_A40V,BARD1,A40V,0.6669,other
BARD1_G753C,BARD1,G753C,0.8588,VUS
BARD1_D508V,BARD1,D508V,0.1918,VUS
BARD1_R406L,BARD1,R406L,0.1494,unknown
BARD1_K205T,BARD1,K205T,0.1505,unknown
BARD1_S586I,BARD1,S586I,0.1764,VUS
BARD1_G273E,BARD1,G273E,0.0947,unknown
BARD1_R642I,BARD1,R642I,0.1778,VUS
NBN_R670T,NBN,R670T,0.1251,unknown
NBN_P191A,NBN,P191A,0.4605,VUS
NBN_S207N,NBN,S207N,0.0663,benign
NBN_S387F,NBN,S387F,0.1067,unknown
NBN_V314M,NBN,V314M,0.7057,VUS
NBN_E726K,NBN,E726K,0.8248,VUS
NBN_D469N,NBN,D469N,0.0804,VUS
NBN_A356V,NBN,A356V,0.0678,unknown
NBN_P338S,NBN,P338S,0.0853,VUS
NBN_W2C,NBN,W2C,0.9917,VUS
NBN_T178I,NBN,T178I,0.1148,unknown
NBN_Q732K,NBN,Q732K,0.1049,unknown
NBN_D677N,NBN,D677N,0.0637,other
NBN_L342H,NBN,L342H,0.1191,unknown
NBN_P191L,NBN,P191L,0.4618,VUS
NBN_R215W,NBN,R215W,0.1328,other
NBN_E658K,NBN,E658K,0.2363,unknown
NBN_L656M,NBN,L656M,0.0852,unknown
NBN_L723P,NBN,L723P,0.9836,VUS
NBN_A365P,NBN,A365P,0.0834,unknown
NBN_S355I,NBN,S355I,0.0861,unknown
NBN_R394G,NBN,R394G,0.0804,VUS
NBN_P203L,NBN,P203L,0.1976,VUS
NBN_E36D,NBN,E36D,0.111,benign
NBN_K125E,NBN,K125E,0.8144,unknown
NBN_E737K,NBN,E737K,0.3765,unknown
NBN_S486F,NBN,S486F,0.1587,VUS
NBN_V243I,NBN,V243I,0.0681,unknown
NBN_E254K,NBN,E254K,0.1056,unknown
NBN_D586Y,NBN,D586Y,0.087,unknown
NBN_K550I,NBN,K550I,0.1776,unknown
NBN_N640S,NBN,N640S,0.063,VUS
NBN_A46V,NBN,A46V,0.7555,unknown
NBN_N37T,NBN,N37T,0.1583,unknown
NBN_L739P,NBN,L739P,0.8879,VUS
NBN_G246D,NBN,G246D,0.6635,VUS
NBN_L574S,NBN,L574S,0.1037,unknown
NBN_L352R,NBN,L352R,0.0954,unknown
NBN_L302F,NBN,L302F,0.1082,unknown
NBN_S411C,NBN,S411C,0.0696,other
NBN_L302V,NBN,L302V,0.143,VUS
NBN_D70Y,NBN,D70Y,0.9593,unknown
NBN_W375C,NBN,W375C,0.1654,VUS
NBN_R215L,NBN,R215L,0.2153,VUS
NBN_S432P,NBN,S432P,0.096,unknown
NBN_S123P,NBN,S123P,0.0762,unknown
NBN_S118C,NBN,S118C,0.8026,unknown
NBN_T717A,NBN,T717A,0.0668,VUS
NBN_K715N,NBN,K715N,0.4893,unknown
NBN_V157F,NBN,V157F,0.43,unknown
NBN_T337N,NBN,T337N,0.106,unknown
NBN_G103V,NBN,G103V,0.2423,VUS
NBN_S647G,NBN,S647G,0.053,benign
NBN_D373H,NBN,D373H,0.1443,VUS
NBN_I166T,NBN,I166T,0.8008,unknown
NBN_S667C,NBN,S667C,0.0718,unknown
NBN_G124R,NBN,G124R,0.2158,VUS
NBN_V65I,NBN,V65I,0.0621,other
NBN_V608I,NBN,V608I,0.0649,unknown
NBN_D519G,NBN,D519G,0.0644,VUS
NBN_D677G,NBN,D677G,0.0611,VUS
NBN_I439V,NBN,I439V,0.0558,other
NBN_N503Y,NBN,N503Y,0.0923,unknown
NBN_V155M,NBN,V155M,0.3294,unknown
NBN_G245A,NBN,G245A,0.4232,unknown
NBN_P498L,NBN,P498L,0.0714,VUS
NBN_F263L,NBN,F263L,0.538,unknown
NBN_T361K,NBN,T361K,0.1317,VUS
NBN_I33F,NBN,I33F,0.4253,unknown
NBN_R660I,NBN,R660I,0.2898,VUS
NBN_R218I,NBN,R218I,0.9601,VUS
NBN_V346M,NBN,V346M,0.0734,other
BLM_H176D,BLM,H176D,0.0898,unknown
BLM_S104L,BLM,S104L,0.0741,VUS
BLM_L136V,BLM,L136V,0.0587,unknown
BLM_I151M,BLM,I151M,0.059,unknown
BLM_D384Y,BLM,D384Y,0.738,VUS
BLM_S426L,BLM,S426L,0.0727,VUS
BLM_F37Y,BLM,F37Y,0.384,unknown
BLM_E164K,BLM,E164K,0.0635,unknown
BLM_M1399V,BLM,M1399V,0.3423,unknown
BLM_R599K,BLM,R599K,0.0677,unknown
BLM_N417S,BLM,N417S,0.0619,VUS
BLM_M816I,BLM,M816I,0.1893,VUS
BLM_Q672R,BLM,Q672R,0.9854,pathogenic
BLM_M855I,BLM,M855I,0.8916,VUS
BLM_D889Y,BLM,D889Y,0.3103,unknown
BLM_S255N,BLM,S255N,0.0626,VUS
BLM_N45S,BLM,N45S,0.0599,VUS
BLM_K31N,BLM,K31N,0.4103,unknown
BLM_E69K,BLM,E69K,0.0743,other
BLM_Y750S,BLM,Y750S,0.8981,unknown
BLM_I1398M,BLM,I1398M,0.0983,unknown
BLM_E1317K,BLM,E1317K,0.0721,other
BLM_E1143K,BLM,E1143K,0.7824,other
BLM_D569N,BLM,D569N,0.06,VUS
BLM_R836M,BLM,R836M,0.8655,unknown
BLM_R898W,BLM,R898W,0.9572,VUS
BLM_D1269N,BLM,D1269N,0.5773,VUS
BLM_R775T,BLM,R775T,0.9196,unknown
BLM_E621Q,BLM,E621Q,0.0873,unknown
BLM_P126S,BLM,P126S,0.0721,other
BLM_N677S,BLM,N677S,0.2627,unknown
BLM_M904K,BLM,M904K,0.8989,unknown
BLM_E1193Q,BLM,E1193Q,0.1366,unknown
BLM_P868L,BLM,P868L,0.1845,benign
BLM_K1366N,BLM,K1366N,0.2856,VUS
BLM_E1224D,BLM,E1224D,0.1001,unknown
BLM_I1005T,BLM,I1005T,0.9566,VUS
BLM_D810H,BLM,D810H,0.9904,VUS
BLM_Q184H,BLM,Q184H,0.3015,unknown
BLM_K812E,BLM,K812E,0.9509,VUS
BLM_V1321L,BLM,V1321L,0.1022,VUS
BLM_M1026L,BLM,M1026L,0.5509,unknown
BLM_N1141S,BLM,N1141S,0.1497,VUS
BLM_P733S,BLM,P733S,0.2114,VUS
BLM_F479L,BLM,F479L,0.5465,VUS
BLM_R786S,BLM,R786S,0.9861,unknown
BLM_D64H,BLM,D64H,0.27,VUS
BLM_G96V,BLM,G96V,0.0752,unknown
BLM_R101T,BLM,R101T,0.0814,other
BLM_A1382T,BLM,A1382T,0.0673,unknown
BLM_S213F,BLM,S213F,0.0882,unknown
BLM_S163Y,BLM,S163Y,0.1246,unknown
BLM_P822S,BLM,P822S,0.2108,unknown
BLM_Q100H,BLM,Q100H,0.0963,unknown
BLM_A252V,BLM,A252V,0.0708,unknown
BLM_S1302F,BLM,S1302F,0.0976,VUS
BLM_D1079H,BLM,D1079H,0.1663,unknown
BLM_Y995F,BLM,Y995F,0.169,VUS
BLM_G1308R,BLM,G1308R,0.0793,other
BLM_F619L,BLM,F619L,0.1708,VUS
BLM_M157V,BLM,M157V,0.0721,VUS
BLM_F1054Y,BLM,F1054Y,0.1367,unknown
BLM_H963Y,BLM,H963Y,0.9771,VUS
BLM_D295N,BLM,D295N,0.0862,other
BLM_P305S,BLM,P305S,0.4643,VUS
BLM_G512E,BLM,G512E,0.0503,unknown
BLM_L763I,BLM,L763I,0.2172,unknown
BLM_K271R,BLM,K271R,0.079,unknown
BLM_T830M,BLM,T830M,0.9346,VUS
BLM_E488K,BLM,E488K,0.1062,VUS
BLM_S144L,BLM,S144L,0.0701,VUS
BLM_K1349N,BLM,K1349N,0.5397,unknown
BLM_K225N,BLM,K225N,0.1001,unknown
BLM_S729F,BLM,S729F,0.4563,VUS
BLM_S42Y,BLM,S42Y,0.1302,unknown
BLM_L107S,BLM,L107S,0.0641,VUS
BLM_L341I,BLM,L341I,0.0631,VUS
BLM_D1076H,BLM,D1076H,0.6887,unknown
BLM_D606N,BLM,D606N,0.0588,unknown
BLM_S147F,BLM,S147F,0.0866,unknown
BLM_S343L,BLM,S343L,0.0685,unknown
BLM_T999I,BLM,T999I,0.1349,VUS
BLM_S72F,BLM,S72F,0.1026,unknown
BLM_K1057I,BLM,K1057I,0.1323,unknown
BLM_R15C,BLM,R15C,0.2712,other
BLM_L1410I,BLM,L1410I,0.3624,unknown
BLM_S897F,BLM,S897F,0.9771,unknown
BLM_Q548K,BLM,Q548K,0.0676,unknown
BLM_G1049R,BLM,G1049R,0.1235,VUS
BLM_V118I,BLM,V118I,0.0711,VUS
BLM_P490S,BLM,P490S,0.1122,VUS
BLM_Q533H,BLM,Q533H,0.1316,unknown
BLM_I1033V,BLM,I1033V,0.0648,VUS
BLM_I1005L,BLM,I1005L,0.2025,unknown
BLM_R808C,BLM,R808C,0.9874,VUS
BLM_S925P,BLM,S925P,0.1795,unknown
BLM_L1119F,BLM,L1119F,0.4426,VUS
BLM_K870R,BLM,K870R,0.1189,unknown
BLM_V942A,BLM,V942A,0.8836,VUS
BLM_T1371M,BLM,T1371M,0.0965,VUS
BLM_V1244I,BLM,V1244I,0.0844,VUS
BLM_S977P,BLM,S977P,0.9972,unknown
BLM_A675V,BLM,A675V,0.6056,unknown
BLM_R818C,BLM,R818C,0.587,VUS
BLM_I658M,BLM,I658M,0.1691,unknown
BLM_H660Y,BLM,H660Y,0.22,VUS
BLM_Y1044C,BLM,Y1044C,0.7877,VUS
BLM_R1334M,BLM,R1334M,0.2976,unknown
BLM_P115L,BLM,P115L,0.0891,VUS
BLM_N1406S,BLM,N1406S,0.0693,VUS
BLM_E1212D,BLM,E1212D,0.1506,VUS
BLM_L966V,BLM,L966V,0.2919,VUS
BLM_L788H,BLM,L788H,0.34,unknown
BLM_E11Q,BLM,E11Q,0.1387,unknown
BLM_S1290L,BLM,S1290L,0.0443,other
BLM_I248V,BLM,I248V,0.0636,other
BLM_A135V,BLM,A135V,0.0707,unknown
BLM_D239H,BLM,D239H,0.1452,VUS
BLM_K190E,BLM,K190E,0.0926,VUS
BLM_K1148N,BLM,K1148N,0.7941,unknown
BLM_M1111I,BLM,M1111I,0.3034,unknown
BLM_G1234S,BLM,G1234S,0.1113,VUS
BLM_D415Y,BLM,D415Y,0.1045,unknown
BLM_L1315F,BLM,L1315F,0.0635,VUS
FANCA_D976H,FANCA,D976H,0.3295,unknown
FANCA_A1434T,FANCA,A1434T,0.0756,other
FANCA_K502R,FANCA,K502R,0.0833,unknown
FANCA_E642K,FANCA,E642K,0.0769,unknown
FANCA_R360H,FANCA,R360H,0.1013,VUS
FANCA_L910F,FANCA,L910F,0.4671,other
FANCA_S147F,FANCA,S147F,0.1497,VUS
FANCA_D887N,FANCA,D887N,0.0857,unknown
FANCA_L185F,FANCA,L185F,0.2753,unknown
FANCA_G1123R,FANCA,G1123R,0.1184,VUS
FANCA_M342I,FANCA,M342I,0.6569,VUS
FANCA_R504L,FANCA,R504L,0.3422,VUS
FANCA_I1407L,FANCA,I1407L,0.1974,unknown
FANCA_P965S,FANCA,P965S,0.3015,unknown
FANCA_R894T,FANCA,R894T,0.128,unknown
FANCA_S357L,FANCA,S357L,0.1107,unknown
FANCA_E63Q,FANCA,E63Q,0.5119,unknown
FANCA_R350Q,FANCA,R350Q,0.1061,other
FANCA_E526Q,FANCA,E526Q,0.2737,unknown
FANCA_K70N,FANCA,K70N,0.2747,unknown
FANCA_S199N,FANCA,S199N,0.1819,unknown
FANCA_T306R,FANCA,T306R,0.0813,VUS
FANCA_Q1366H,FANCA,Q1366H,0.1708,VUS
FANCA_V230I,FANCA,V230I,0.0694,other
FANCA_L988P,FANCA,L988P,0.897,unknown
FANCA_I1051V,FANCA,I1051V,0.0913,unknown
FANCA_L1138V,FANCA,L1138V,0.1453,benign
FANCA_K143Q,FANCA,K143Q,0.1056,VUS
FANCA_K847Q,FANCA,K847Q,0.2447,unknown
FANCA_S1088F,FANCA,S1088F,0.2392,benign
FANCA_G66C,FANCA,G66C,0.2007,VUS
FANCA_S1191G,FANCA,S1191G,0.0744,unknown
FANCA_E33K,FANCA,E33K,0.0914,VUS
FANCA_P128S,FANCA,P128S,0.0721,unknown
FANCA_A1346V,FANCA,A1346V,0.1024,other
FANCA_E24K,FANCA,E24K,0.3627,VUS
FANCA_E1115K,FANCA,E1115K,0.325,unknown
FANCA_S1087L,FANCA,S1087L,0.1955,VUS
FANCA_L1200I,FANCA,L1200I,0.1424,unknown
FANCA_P774L,FANCA,P774L,0.142,VUS
FANCA_P744L,FANCA,P744L,0.0944,unknown
FANCA_A233T,FANCA,A233T,0.0759,unknown
FANCA_D1429N,FANCA,D1429N,0.6563,other
FANCA_A349V,FANCA,A349V,0.1225,VUS
FANCA_I94T,FANCA,I94T,0.1345,unknown
FANCA_P1411L,FANCA,P1411L,0.1763,other
FANCA_V592A,FANCA,V592A,0.206,unknown
FANCA_K1299N,FANCA,K1299N,0.2044,VUS
FANCA_A1435T,FANCA,A1435T,0.1141,other
FANCA_E45Q,FANCA,E45Q,0.1218,unknown
FANCA_V121M,FANCA,V121M,0.0984,other
FANCA_V523D,FANCA,V523D,0.4719,VUS
FANCA_A412V,FANCA,A412V,0.1253,benign
FANCA_L650P,FANCA,L650P,0.1783,VUS
FANCA_R413C,FANCA,R413C,0.0972,other
FANCA_G804D,FANCA,G804D,0.1141,VUS
FANCA_A737V,FANCA,A737V,0.0993,VUS
FANCA_P1213T,FANCA,P1213T,0.0733,unknown
FANCA_W410C,FANCA,W410C,0.709,unknown
FANCA_P774S,FANCA,P774S,0.1254,VUS
FANCA_M717T,FANCA,M717T,0.0542,benign
FANCA_R272I,FANCA,R272I,0.3019,unknown
FANCA_A430V,FANCA,A430V,0.2183,VUS
FANCA_L407F,FANCA,L407F,0.2729,unknown
FANCA_G122R,FANCA,G122R,0.1504,VUS
FANCA_E84K,FANCA,E84K,0.0808,VUS
FANCA_D81N,FANCA,D81N,0.0851,unknown
FANCA_R52Q,FANCA,R52Q,0.1016,VUS
FANCA_S1064G,FANCA,S1064G,0.0571,VUS
FANCA_H292Y,FANCA,H292Y,0.0683,other
FANCA_Q676R,FANCA,Q676R,0.0847,unknown
FANCA_C1105S,FANCA,C1105S,0.3268,VUS
FANCA_W957C,FANCA,W957C,0.9687,unknown
FANCA_R413H,FANCA,R413H,0.0729,VUS
FANCA_S829F,FANCA,S829F,0.2126,unknown
FANCA_T323I,FANCA,T323I,0.2647,unknown
FANCA_S674L,FANCA,S674L,0.1012,benign
FANCA_F603I,FANCA,F603I,0.4485,unknown
FANCA_V750M,FANCA,V750M,0.1186,other
FANCA_E38K,FANCA,E38K,0.1075,unknown
FANCA_A737T,FANCA,A737T,0.0841,VUS
FANCA_A816V,FANCA,A816V,0.0866,VUS
FANCA_S1043F,FANCA,S1043F,0.1246,VUS
FANCA_D1372N,FANCA,D1372N,0.0889,unknown
FANCA_S968L,FANCA,S968L,0.0903,VUS
FANCA_R710T,FANCA,R710T,0.0869,unknown
FANCA_S1270L,FANCA,S1270L,0.1949,VUS
FANCA_A1233V,FANCA,A1233V,0.1419,other
FANCA_M753V,FANCA,M753V,0.0689,VUS
FANCA_R670C,FANCA,R670C,0.0835,other
FANCA_A454V,FANCA,A454V,0.1041,unknown
FANCA_G1062R,FANCA,G1062R,0.1233,VUS
FANCA_V481L,FANCA,V481L,0.6647,VUS
FANCA_A1284S,FANCA,A1284S,0.0875,unknown
FANCA_P808S,FANCA,P808S,0.0698,VUS
FANCA_L390I,FANCA,L390I,0.6195,VUS
FANCA_H463R,FANCA,H463R,0.4524,VUS
FANCA_A641V,FANCA,A641V,0.0763,unknown
FANCA_L72M,FANCA,L72M,0.1093,unknown
FANCA_R600C,FANCA,R600C,0.1409,VUS
FANCA_A1446T,FANCA,A1446T,0.0735,VUS
FANCA_R1314G,FANCA,R1314G,0.059,VUS
FANCA_D100H,FANCA,D100H,0.4894,VUS
FANCA_R20S,FANCA,R20S,0.5921,benign
FANCA_L1167F,FANCA,L1167F,0.2926,unknown
FANCA_S165F,FANCA,S165F,0.1124,VUS
FANCA_G651V,FANCA,G651V,0.1289,unknown
FANCA_L1339F,FANCA,L1339F,0.2266,other
FANCA_G115W,FANCA,G115W,0.1827,VUS
FANCA_P813S,FANCA,P813S,0.0794,other
FANCA_P806S,FANCA,P806S,0.064,VUS
FANCA_R756H,FANCA,R756H,0.0706,benign
FANCA_A127T,FANCA,A127T,0.0691,VUS
FANCA_R1080L,FANCA,R1080L,0.3265,pathogenic
FANCA_S1217P,FANCA,S1217P,0.0742,unknown
FANCA_P806L,FANCA,P806L,0.0685,other
FANCA_A418V,FANCA,A418V,0.7136,unknown
FANCA_E180Q,FANCA,E180Q,0.7594,unknown
FANCA_R255K,FANCA,R255K,0.1056,unknown
FANCA_C215G,FANCA,C215G,0.1013,unknown
FANCA_E885D,FANCA,E885D,0.112,unknown
FANCA_T1161M,FANCA,T1161M,0.0969,other
FANCA_P590T,FANCA,P590T,0.4835,unknown
FANCA_L355F,FANCA,L355F,0.3843,unknown
FANCA_R1011H,FANCA,R1011H,0.0719,other
FANCA_E1351Q,FANCA,E1351Q,0.1214,VUS
FANCA_L758P,FANCA,L758P,0.5022,unknown
FANCA_R487Q,FANCA,R487Q,0.0932,VUS
FANCA_R1144Q,FANCA,R1144Q,0.0836,other
FANCA_E130D,FANCA,E130D,0.0862,VUS
FANCA_F1049S,FANCA,F1049S,0.3882,VUS
FANCA_V428F,FANCA,V428F,0.4084,unknown
FANCA_K522N,FANCA,K522N,0.4616,unknown
FANCA_A416V,FANCA,A416V,0.098,VUS
FANCA_R1080W,FANCA,R1080W,0.129,VUS
FANCA_R504H,FANCA,R504H,0.095,VUS
FANCA_S96F,FANCA,S96F,0.1929,unknown
FANCC_A158P,FANCC,A158P,0.5518,other
FANCC_K73R,FANCC,K73R,0.0989,unknown
FANCC_E62Q,FANCC,E62Q,0.1053,unknown
FANCC_L215I,FANCC,L215I,0.1624,unknown
FANCC_G168E,FANCC,G168E,0.5184,unknown
FANCC_D295Y,FANCC,D295Y,0.6394,unknown
FANCC_L486V,FANCC,L486V,0.1327,VUS
FANCC_I290V,FANCC,I290V,0.1008,VUS
FANCC_K231N,FANCC,K231N,0.3611,VUS
FANCC_R266I,FANCC,R266I,0.1764,unknown
FANCC_A325T,FANCC,A325T,0.1018,benign
FANCC_P282L,FANCC,P282L,0.2443,unknown
FANCC_E380K,FANCC,E380K,0.2055,unknown
FANCC_E178K,FANCC,E178K,0.1124,other
FANCC_R361W,FANCC,R361W,0.0986,other
FANCC_L491F,FANCC,L491F,0.1375,unknown
FANCC_I232S,FANCC,I232S,0.5433,unknown
FANCC_E225K,FANCC,E225K,0.1155,VUS
FANCC_D84G,FANCC,D84G,0.1888,VUS
FANCC_L234I,FANCC,L234I,0.1522,unknown
FANCC_S263Y,FANCC,S263Y,0.1142,unknown
FANCC_I312M,FANCC,I312M,0.087,unknown
FANCC_D4Y,FANCC,D4Y,0.1144,unknown
FANCC_N58Y,FANCC,N58Y,0.1146,unknown
FANCC_E265D,FANCC,E265D,0.1779,VUS
FANCC_Q320R,FANCC,Q320R,0.0582,unknown
FANCC_E296D,FANCC,E296D,0.3715,VUS
FANCC_G307W,FANCC,G307W,0.6028,unknown
FANCC_Q40R,FANCC,Q40R,0.0643,benign
FANCC_L110R,FANCC,L110R,0.089,unknown
FANCC_D33V,FANCC,D33V,0.4462,VUS
FANCC_S540N,FANCC,S540N,0.1235,unknown
FANCC_I89N,FANCC,I89N,0.2014,unknown
FANCC_A285T,FANCC,A285T,0.2302,unknown
FANCC_L454R,FANCC,L454R,0.07,unknown
FANCC_M153K,FANCC,M153K,0.4378,VUS
FANCC_Q557E,FANCC,Q557E,0.0717,VUS
FANCC_L215F,FANCC,L215F,0.3467,VUS
FANCC_F41L,FANCC,F41L,0.8579,unknown
FANCC_E273K,FANCC,E273K,0.1703,other
FANCC_L36F,FANCC,L36F,0.1072,unknown
FANCC_F134C,FANCC,F134C,0.4861,unknown
FANCC_Y145D,FANCC,Y145D,0.3355,unknown
FANCC_R174Q,FANCC,R174Q,0.1053,VUS
FANCC_V188G,FANCC,V188G,0.2716,unknown
FANCC_D434N,FANCC,D434N,0.1183,VUS
FANCC_E201D,FANCC,E201D,0.4388,VUS
FANCC_R555Q,FANCC,R555Q,0.0764,VUS
CDK12_A1085P,CDK12,A1085P,0.0969,unknown
CDK12_P1256L,CDK12,P1256L,0.0914,unknown
CDK12_S987F,CDK12,S987F,0.392,unknown
CDK12_S954C,CDK12,S954C,0.9229,unknown
CDK12_S241A,CDK12,S241A,0.092,unknown
CDK12_R93Q,CDK12,R93Q,0.0963,unknown
CDK12_P564S,CDK12,P564S,0.0966,unknown
CDK12_F802L,CDK12,F802L,0.9999,unknown
CDK12_P1266L,CDK12,P1266L,0.6113,unknown
CDK12_R225G,CDK12,R225G,0.6334,VUS
CDK12_S150N,CDK12,S150N,0.1028,unknown
CDK12_R983Q,CDK12,R983Q,0.5449,unknown
CDK12_V607I,CDK12,V607I,0.0758,unknown
CDK12_G739D,CDK12,G739D,1.0,unknown
CDK12_I1102L,CDK12,I1102L,0.0746,unknown
CDK12_R858W,CDK12,R858W,0.9988,unknown
CDK12_F809C,CDK12,F809C,0.9991,unknown
CDK12_L820S,CDK12,L820S,0.9997,unknown
CDK12_P1175L,CDK12,P1175L,0.0664,unknown
CDK12_A594T,CDK12,A594T,0.0621,unknown
CDK12_P544T,CDK12,P544T,0.0873,unknown
CDK12_P1267S,CDK12,P1267S,0.707,unknown
CDK12_E1228Q,CDK12,E1228Q,0.1172,unknown
CDK12_G239A,CDK12,G239A,0.1365,VUS
CDK12_P1275L,CDK12,P1275L,0.0693,benign
CDK12_D746G,CDK12,D746G,0.9959,unknown
CDK12_K803N,CDK12,K803N,0.9989,unknown
CDK12_D245N,CDK12,D245N,0.1548,unknown
CDK12_P1398S,CDK12,P1398S,0.2204,unknown
CDK12_S1379C,CDK12,S1379C,0.0875,unknown
CDK12_R912P,CDK12,R912P,0.9991,unknown
CDK12_C862S,CDK12,C862S,0.9812,unknown
CDK12_S1191L,CDK12,S1191L,0.0835,unknown
CDK12_T624S,CDK12,T624S,0.4049,unknown
CDK12_R1356Q,CDK12,R1356Q,0.0742,unknown
CDK12_R33K,CDK12,R33K,0.0726,unknown
CDK12_R188Q,CDK12,R188Q,0.3106,VUS
CDK12_G1393E,CDK12,G1393E,0.4633,VUS
CDK12_R322Q,CDK12,R322Q,0.3129,unknown
CDK12_P1062S,CDK12,P1062S,0.0606,unknown
CDK12_A411S,CDK12,A411S,0.1793,VUS
CDK12_D819G,CDK12,D819G,0.9999,unknown
CDK12_E814Q,CDK12,E814Q,0.9672,unknown
CDK12_G827C,CDK12,G827C,0.9408,unknown
CDK12_S590L,CDK12,S590L,0.0618,unknown
CDK12_Q1110H,CDK12,Q1110H,0.3357,unknown
CDK12_T1002A,CDK12,T1002A,0.0937,VUS
CDK12_D1100N,CDK12,D1100N,0.0932,unknown
CDK12_R882W,CDK12,R882W,0.9979,other
CDK12_K263N,CDK12,K263N,0.7667,unknown
CDK12_T1353I,CDK12,T1353I,0.1163,VUS
CDK12_E657D,CDK12,E657D,0.0783,unknown
CDK12_T1195M,CDK12,T1195M,0.0811,benign
CDK12_D761N,CDK12,D761N,0.9951,unknown
CDK12_R981C,CDK12,R981C,0.4595,unknown
CDK12_R374K,CDK12,R374K,0.1078,VUS
CDK12_K372N,CDK12,K372N,0.5688,unknown
CDK12_Q1396R,CDK12,Q1396R,0.2565,unknown
CDK12_P682L,CDK12,P682L,0.1823,unknown
CDK12_R1404C,CDK12,R1404C,0.97,VUS
CDK12_D1233Y,CDK12,D1233Y,0.1659,unknown
CDK12_R663H,CDK12,R663H,0.2403,VUS
CDK12_R107G,CDK12,R107G,0.2684,VUS
CDK12_D214N,CDK12,D214N,0.1488,unknown
CDK12_R219K,CDK12,R219K,0.0851,unknown
CDK12_D235Y,CDK12,D235Y,0.3312,unknown
CDK12_R300T,CDK12,R300T,0.7241,unknown
CDK12_E314Q,CDK12,E314Q,0.5293,unknown
CDK12_R329L,CDK12,R329L,0.5681,unknown
CDK12_D918G,CDK12,D918G,0.9995,unknown
CDK12_E1345Q,CDK12,E1345Q,0.1761,unknown
CDK12_R185S,CDK12,R185S,0.8656,unknown
CDK12_P424H,CDK12,P424H,0.1403,unknown
CDK12_G1343R,CDK12,G1343R,0.2757,unknown
CDK12_R99C,CDK12,R99C,0.2104,VUS
CDK12_F986Y,CDK12,F986Y,0.5072,unknown
CDK12_A1098V,CDK12,A1098V,0.0891,unknown
CDK12_E281K,CDK12,E281K,0.5741,unknown
CDK12_Q1464E,CDK12,Q1464E,0.0902,unknown
CDK12_E910Q,CDK12,E910Q,0.9113,VUS
CDK12_P568S,CDK12,P568S,0.0779,unknown
CDK12_R33T,CDK12,R33T,0.6335,unknown
CDK12_L55F,CDK12,L55F,0.0705,unknown
CDK12_T737I,CDK12,T737I,0.9997,unknown
CDK12_G1284D,CDK12,G1284D,0.1322,VUS
CDK12_A1411V,CDK12,A1411V,0.0883,VUS
CDK12_S1170T,CDK12,S1170T,0.0622,unknown
CDK12_V492G,CDK12,V492G,0.0788,unknown
CDK12_R364S,CDK12,R364S,0.8852,unknown
CDK12_R890H,CDK12,R890H,0.9706,unknown
CDK12_P961R,CDK12,P961R,0.9819,unknown
CDK12_K756T,CDK12,K756T,0.9995,unknown
CDK12_N762S,CDK12,N762S,0.6398,VUS
CDK12_L1362F,CDK12,L1362F,0.0692,VUS
CDK12_G1469E,CDK12,G1469E,0.394,unknown
CDK12_G1425E,CDK12,G1425E,0.1681,unknown
CDK12_R1477I,CDK12,R1477I,0.4921,unknown
CDK12_V472I,CDK12,V472I,0.0638,VUS
CDK12_P1031L,CDK12,P1031L,0.9472,VUS
CDK12_P629L,CDK12,P629L,0.1296,VUS
CDK12_D196Y,CDK12,D196Y,0.4107,unknown
CDK12_R104L,CDK12,R104L,0.2795,unknown
CDK12_G1454E,CDK12,G1454E,0.1756,unknown
CDK12_S1329Y,CDK12,S1329Y,0.1195,unknown
CDK12_Q286E,CDK12,Q286E,0.1553,unknown
CDK12_G953S,CDK12,G953S,0.9958,unknown
CDK12_A1252T,CDK12,A1252T,0.0698,unknown
CDK12_R1008Q,CDK12,R1008Q,0.9963,unknown
CDK12_R708C,CDK12,R708C,0.9785,VUS
CDK12_R118C,CDK12,R118C,0.2539,VUS
CDK12_L875Q,CDK12,L875Q,0.9995,unknown
CDK12_S29N,CDK12,S29N,0.1634,unknown
CDK12_D1022A,CDK12,D1022A,0.2971,unknown
CDK12_T1196A,CDK12,T1196A,0.0644,unknown
CDK12_A1289T,CDK12,A1289T,0.0669,VUS
CDK12_E1069Q,CDK12,E1069Q,0.3941,unknown
CDK12_P294S,CDK12,P294S,0.1738,unknown
CDK12_R983G,CDK12,R983G,0.9633,unknown
CDK12_E59D,CDK12,E59D,0.083,unknown
CDK12_V724M,CDK12,V724M,0.9944,VUS
CDK12_T1074A,CDK12,T1074A,0.0635,unknown
CDK12_R773C,CDK12,R773C,0.9995,unknown
CDK12_I865L,CDK12,I865L,0.8568,unknown
CDK12_K726N,CDK12,K726N,0.979,unknown
CHEK1_P172L,CHEK1,P172L,0.5,unknown
CHEK1_P332L,CHEK1,P332L,0.5,unknown
CHEK1_V174A,CHEK1,V174A,0.5,unknown
CHEK1_V67I,CHEK1,V67I,0.5,unknown
CHEK1_L424P,CHEK1,L424P,0.5,unknown
CHEK1_E134D,CHEK1,E134D,0.5,unknown
CHEK1_D434H,CHEK1,D434H,0.5,unknown
CHEK1_V412A,CHEK1,V412A,0.5,unknown
CHEK1_S307F,CHEK1,S307F,0.5,unknown
CHEK1_G89R,CHEK1,G89R,0.5,unknown
CHEK1_P321L,CHEK1,P321L,0.5,unknown
CHEK1_F344L,CHEK1,F344L,0.5,unknown
CHEK1_I39T,CHEK1,I39T,0.5,unknown
CHEK1_L384F,CHEK1,L384F,0.5,unknown
CHEK1_K406N,CHEK1,K406N,0.5,unknown
CHEK1_M377I,CHEK1,M377I,0.5,unknown
CHEK1_D8N,CHEK1,D8N,0.5,unknown
CHEK1_P276L,CHEK1,P276L,0.5,unknown
CHEK1_G169S,CHEK1,G169S,0.5,unknown
CHEK1_P321T,CHEK1,P321T,0.5,unknown
CHEK1_S326F,CHEK1,S326F,0.5,unknown
CHEK1_L438F,CHEK1,L438F,0.5,unknown
CHEK1_L198F,CHEK1,L198F,0.5,unknown
CHEK1_D464Y,CHEK1,D464Y,0.5,unknown
CHEK1_T14N,CHEK1,T14N,0.5,unknown
CHEK1_P302A,CHEK1,P302A,0.5,unknown
CHEK1_R322C,CHEK1,R322C,0.5,unknown
CHEK1_G341R,CHEK1,G341R,0.5,unknown
CHEK1_R181I,CHEK1,R181I,0.5,unknown
CHEK1_A2V,CHEK1,A2V,0.5,unknown
CHEK1_K166T,CHEK1,K166T,0.5,unknown
CHEK1_S212C,CHEK1,S212C,0.5,unknown
CHEK1_R74K,CHEK1,R74K,0.5,unknown
CHEK1_V374F,CHEK1,V374F,0.5,unknown
CHEK1_G123V,CHEK1,G123V,0.5,unknown
CHEK1_S214T,CHEK1,S214T,0.5,unknown
CHEK1_L171S,CHEK1,L171S,0.5,unknown
CHEK1_N59D,CHEK1,N59D,0.5,unknown
CHEK1_Q80H,CHEK1,Q80H,0.5,unknown
CHEK1_T382S,CHEK1,T382S,0.5,unknown
CHEK1_P230S,CHEK1,P230S,0.5,unknown
CHEK1_D464N,CHEK1,D464N,0.5,unknown
CHEK1_R44C,CHEK1,R44C,0.5,unknown
CHEK1_I437M,CHEK1,I437M,0.5,unknown
ATR_S1571F,ATR,S1571F,0.5,unknown
ATR_R2089P,ATR,R2089P,0.5,unknown
ATR_R2541S,ATR,R2541S,0.5,unknown
ATR_D1298Y,ATR,D1298Y,0.5,unknown
ATR_E362Q,ATR,E362Q,0.5,unknown
ATR_Y575H,ATR,Y575H,0.5,unknown
ATR_S272L,ATR,S272L,0.5,unknown
ATR_E838Q,ATR,E838Q,0.5,unknown
ATR_E2252K,ATR,E2252K,0.5,unknown
ATR_R1444S,ATR,R1444S,0.5,unknown
ATR_M946V,ATR,M946V,0.5,unknown
ATR_G720D,ATR,G720D,0.5,unknown
ATR_V66M,ATR,V66M,0.5,unknown
ATR_G2522V,ATR,G2522V,0.5,unknown
ATR_R1774I,ATR,R1774I,0.5,unknown
ATR_D2494A,ATR,D2494A,0.5,unknown
ATR_K1595I,ATR,K1595I,0.5,unknown
ATR_M2339I,ATR,M2339I,0.5,unknown
ATR_E478K,ATR,E478K,0.5,unknown
ATR_Y1956N,ATR,Y1956N,0.5,unknown
ATR_T1469A,ATR,T1469A,0.5,unknown
ATR_S904C,ATR,S904C,0.5,unknown
ATR_E238K,ATR,E238K,0.5,unknown
ATR_P1530S,ATR,P1530S,0.5,unknown
ATR_H2477Y,ATR,H2477Y,0.5,unknown
ATR_A1151V,ATR,A1151V,0.5,unknown
ATR_T994A,ATR,T994A,0.5,unknown
ATR_H2517D,ATR,H2517D,0.5,unknown
ATR_K2195N,ATR,K2195N,0.5,unknown
ATR_A1406V,ATR,A1406V,0.5,unknown
ATR_K1678N,ATR,K1678N,0.5,unknown
ATR_F1091C,ATR,F1091C,0.5,unknown
ATR_L2428I,ATR,L2428I,0.5,unknown
ATR_R1015Q,ATR,R1015Q,0.5,unknown
ATR_E1027K,ATR,E1027K,0.5,unknown
ATR_N2019F,ATR,N2019F,0.5,unknown
ATR_R2112C,ATR,R2112C,0.5,unknown
ATR_Q1286H,ATR,Q1286H,0.5,unknown
ATR_G1129D,ATR,G1129D,0.5,unknown
ATR_D1071N,ATR,D1071N,0.5,unknown
ATR_E1986K,ATR,E1986K,0.5,unknown
ATR_L780I,ATR,L780I,0.5,unknown
ATR_Q1627L,ATR,Q1627L,0.5,unknown
ATR_T1275A,ATR,T1275A,0.5,unknown
ATR_Q1869R,ATR,Q1869R,0.5,unknown
ATR_D1560N,ATR,D1560N,0.5,unknown
ATR_F132L,ATR,F132L,0.5,unknown
ATR_R1082L,ATR,R1082L,0.5,unknown
ATR_P1221T,ATR,P1221T,0.5,unknown
ATR_V696F,ATR,V696F,0.5,unknown
ATR_G2502E,ATR,G2502E,0.5,unknown
ATR_E25K,ATR,E25K,0.5,unknown
ATR_L1506F,ATR,L1506F,0.5,unknown
ATR_P1125L,ATR,P1125L,0.5,unknown
ATR_A857V,ATR,A857V,0.5,unknown
ATR_R43W,ATR,R43W,0.5,unknown
ATR_Q231H,ATR,Q231H,0.5,unknown
ATR_Q1877E,ATR,Q1877E,0.5,unknown
ATR_A2002S,ATR,A2002S,0.5,unknown
ATR_L2133S,ATR,L2133S,0.5,unknown
ATR_R2533P,ATR,R2533P,0.5,unknown
ATR_H1258Y,ATR,H1258Y,0.5,unknown
ATR_E1888K,ATR,E1888K,0.5,unknown
ATR_V2113L,ATR,V2113L,0.5,unknown
ATR_H2517Y,ATR,H2517Y,0.5,unknown
ATR_V1581L,ATR,V1581L,0.5,unknown
ATR_E306K,ATR,E306K,0.5,unknown
ATR_R635Q,ATR,R635Q,0.5,unknown
ATR_N1314D,ATR,N1314D,0.5,unknown
ATR_D1568E,ATR,D1568E,0.5,unknown
ATR_E1375K,ATR,E1375K,0.5,unknown
ATR_I677M,ATR,I677M,0.5,unknown
ATR_V53L,ATR,V53L,0.5,unknown
ATR_R878K,ATR,R878K,0.5,unknown
ATR_E2224K,ATR,E2224K,0.5,unknown
ATR_A1052T,ATR,A1052T,0.5,unknown
ATR_H1709Y,ATR,H1709Y,0.5,unknown
ATR_A1507D,ATR,A1507D,0.5,unknown
ATR_E1988K,ATR,E1988K,0.5,unknown
ATR_R1611K,ATR,R1611K,0.5,unknown
ATR_L1211F,ATR,L1211F,0.5,unknown
ATR_S902F,ATR,S902F,0.5,unknown
ATR_A1554V,ATR,A1554V,0.5,unknown
ATR_D1560Y,ATR,D1560Y,0.5,unknown
ATR_E3Q,ATR,E3Q,0.5,unknown
ATR_G1342V,ATR,G1342V,0.5,unknown
ATR_E833Q,ATR,E833Q,0.5,unknown
ATR_L1910F,ATR,L1910F,0.5,unknown
ATR_L1139V,ATR,L1139V,0.5,unknown
ATR_G736R,ATR,G736R,0.5,unknown
ATR_G877E,ATR,G877E,0.5,unknown
ATR_A888S,ATR,A888S,0.5,unknown
ATR_E1423K,ATR,E1423K,0.5,unknown
ATR_G1074E,ATR,G1074E,0.5,unknown
ATR_T653I,ATR,T653I,0.5,unknown
ATR_V372M,ATR,V372M,0.5,unknown
ATR_P13S,ATR,P13S,0.5,unknown
ATR_E2438Q,ATR,E2438Q,0.5,unknown
ATR_L1454Q,ATR,L1454Q,0.5,unknown
ATR_L1307F,ATR,L1307F,0.5,unknown
ATR_E2034Q,ATR,E2034Q,0.5,unknown
ATR_R2112H,ATR,R2112H,0.5,unknown
ATR_I127M,ATR,I127M,0.5,unknown
ATR_R1179K,ATR,R1179K,0.5,unknown
ATR_S2110F,ATR,S2110F,0.5,unknown
ATR_S191L,ATR,S191L,0.5,unknown
ATR_L1599P,ATR,L1599P,0.5,unknown
ATR_R16Q,ATR,R16Q,0.5,unknown
ATR_H1039N,ATR,H1039N,0.5,unknown
ATR_P2447H,ATR,P2447H,0.5,unknown
ATR_D1187G,ATR,D1187G,0.5,unknown
ATR_R2148Q,ATR,R2148Q,0.5,unknown
ATR_A2101E,ATR,A2101E,0.5,unknown
ATR_G2639D,ATR,G2639D,0.5,unknown
ATR_L1633V,ATR,L1633V,0.5,unknown
ATR_A2165V,ATR,A2165V,0.5,unknown
ATR_Q257E,ATR,Q257E,0.5,unknown
ATR_N484K,ATR,N484K,0.5,unknown
ATR_E799K,ATR,E799K,0.5,unknown
ATR_R1183Q,ATR,R1183Q,0.5,unknown
ATR_P950L,ATR,P950L,0.5,unknown
ATR_R2459C,ATR,R2459C,0.5,unknown
ATR_S1950L,ATR,S1950L,0.5,unknown
ATR_S944T,ATR,S944T,0.5,unknown
ATR_G2527E,ATR,G2527E,0.5,unknown
ATR_D983N,ATR,D983N,0.5,unknown
ATR_I1264L,ATR,I1264L,0.5,unknown
ATR_V959A,ATR,V959A,0.5,unknown
ATR_S1648F,ATR,S1648F,0.5,unknown
ATR_E2626K,ATR,E2626K,0.5,unknown
ATR_R2514C,ATR,R2514C,0.5,unknown
ATR_T2605A,ATR,T2605A,0.5,unknown
ATR_S727Y,ATR,S727Y,0.5,unknown
ATR_R2407C,ATR,R2407C,0.5,unknown
ATR_M1617K,ATR,M1617K,0.5,unknown
ATR_I1421S,ATR,I1421S,0.5,unknown
ATR_H117Y,ATR,H117Y,0.5,unknown
ATR_E2012Q,ATR,E2012Q,0.5,unknown
ATR_L2599I,ATR,L2599I,0.5,unknown
ATR_S2313C,ATR,S2313C,0.5,unknown
ATR_G2403V,ATR,G2403V,0.5,unknown
ATR_R1653Q,ATR,R1653Q,0.5,unknown
ATR_L2042F,ATR,L2042F,0.5,unknown
ATR_Q225L,ATR,Q225L,0.5,unknown
ATR_L998I,ATR,L998I,0.5,unknown
ATR_D1821N,ATR,D1821N,0.5,unknown
ATR_G2000C,ATR,G2000C,0.5,unknown
ATR_R2363Q,ATR,R2363Q,0.5,unknown
ATR_K2026M,ATR,K2026M,0.5,unknown
ATR_D986N,ATR,D986N,0.5,unknown
ATR_K526N,ATR,K526N,0.5,unknown
ATR_L2064I,ATR,L2064I,0.5,unknown
ATR_S1306R,ATR,S1306R,0.5,unknown
ATR_P985S,ATR,P985S,0.5,unknown
ATR_S670N,ATR,S670N,0.5,unknown
ATR_V672I,ATR,V672I,0.5,unknown
ATR_H1737Y,ATR,H1737Y,0.5,unknown
ATR_W1924L,ATR,W1924L,0.5,unknown
ATR_K2248N,ATR,K2248N,0.5,unknown
ATR_E1360Q,ATR,E1360Q,0.5,unknown
ATR_D1723Y,ATR,D1723Y,0.5,unknown
ATR_R1082H,ATR,R1082H,0.5,unknown
ATR_A2291V,ATR,A2291V,0.5,unknown
ATR_Y1419H,ATR,Y1419H,0.5,unknown
ATR_V981I,ATR,V981I,0.5,unknown
ATR_K1595T,ATR,K1595T,0.5,unknown
ATR_S1102F,ATR,S1102F,0.5,unknown
ATR_S61F,ATR,S61F,0.5,unknown
ATR_G492E,ATR,G492E,0.5,unknown
ATR_D558Y,ATR,D558Y,0.5,unknown
ATR_A2030E,ATR,A2030E,0.5,unknown
ATR_E1547V,ATR,E1547V,0.5,unknown
ATR_L1237I,ATR,L1237I,0.5,unknown
ATR_M2324V,ATR,M2324V,0.5,unknown
ATR_I487F,ATR,I487F,0.5,unknown
ATR_S472F,ATR,S472F,0.5,unknown
ATR_R989C,ATR,R989C,0.5,unknown
ATR_T2276N,ATR,T2276N,0.5,unknown
ATR_K542Q,ATR,K542Q,0.5,unknown
ATR_I599T,ATR,I599T,0.5,unknown
ATR_L2593I,ATR,L2593I,0.5,unknown
ATR_K2420N,ATR,K2420N,0.5,unknown
ATR_C1202Y,ATR,C1202Y,0.5,unknown
ATR_I828N,ATR,I828N,0.5,unknown
ATR_L37M,ATR,L37M,0.5,unknown
ATR_P2613L,ATR,P2613L,0.5,unknown
ATR_L806I,ATR,L806I,0.5,unknown
ATR_G2403R,ATR,G2403R,0.5,unknown
ATR_D699N,ATR,D699N,0.5,unknown
ATR_D564N,ATR,D564N,0.5,unknown
ATR_V486F,ATR,V486F,0.5,unknown
ATR_L1128S,ATR,L1128S,0.5,unknown
ATR_R161K,ATR,R161K,0.5,unknown
ATR_S1390L,ATR,S1390L,0.5,unknown
ATR_S1810L,ATR,S1810L,0.5,unknown
ATR_R1647C,ATR,R1647C,0.5,unknown
ATR_H2361Y,ATR,H2361Y,0.5,unknown
ATR_S95R,ATR,S95R,0.5,unknown
ATR_R2190C,ATR,R2190C,0.5,unknown
ATR_A1266V,ATR,A1266V,0.5,unknown
ATR_L1944V,ATR,L1944V,0.5,unknown
ATR_K338T,ATR,K338T,0.5,unknown
ATR_S581L,ATR,S581L,0.5,unknown
ATR_C2536W,ATR,C2536W,0.5,unknown
ATR_L477F,ATR,L477F,0.5,unknown
ATR_R1015P,ATR,R1015P,0.5,unknown
ATR_R2333I,ATR,R2333I,0.5,unknown
ATR_E2579K,ATR,E2579K,0.5,unknown
ATR_R2001Q,ATR,R2001Q,0.5,unknown
ATR_T1563A,ATR,T1563A,0.5,unknown
ATR_A1495V,ATR,A1495V,0.5,unknown
ATR_Y600C,ATR,Y600C,0.5,unknown
ATR_A879V,ATR,A879V,0.5,unknown
ATR_E2564G,ATR,E2564G,0.5,unknown
ATR_L1903F,ATR,L1903F,0.5,unknown
ATR_D589H,ATR,D589H,0.5,unknown
ATR_L2303F,ATR,L2303F,0.5,unknown
ATR_T1798A,ATR,T1798A,0.5,unknown
ATR_S1843F,ATR,S1843F,0.5,unknown
ATR_W2094L,ATR,W2094L,0.5,unknown
ATR_R2547Q,ATR,R2547Q,0.5,unknown
ATR_R645T,ATR,R645T,0.5,unknown
ATR_E910K,ATR,E910K,0.5,unknown
ATR_P1256H,ATR,P1256H,0.5,unknown
ATR_P262R,ATR,P262R,0.5,unknown
ATR_A880V,ATR,A880V,0.5,unknown
ATR_R43Q,ATR,R43Q,0.5,unknown
ATR_E1146D,ATR,E1146D,0.5,unknown
ATR_A654T,ATR,A654T,0.5,unknown
ATR_A1793T,ATR,A1793T,0.5,unknown
ATR_A2030V,ATR,A2030V,0.5,unknown
ATR_L438V,ATR,L438V,0.5,unknown
ATR_G840V,ATR,G840V,0.5,unknown
ATR_T1566N,ATR,T1566N,0.5,unknown
ATR_M82T,ATR,M82T,0.5,unknown
ATR_L258F,ATR,L258F,0.5,unknown
ATR_T2461I,ATR,T2461I,0.5,unknown
ATR_G1144D,ATR,G1144D,0.5,unknown
ATR_P304S,ATR,P304S,0.5,unknown
ATR_L1528V,ATR,L1528V,0.5,unknown
ATR_T1620S,ATR,T1620S,0.5,unknown
ATR_R1951Q,ATR,R1951Q,0.5,unknown
ATR_A957V,ATR,A957V,0.5,unknown
ATR_I691F,ATR,I691F,0.5,unknown
ATR_L1982I,ATR,L1982I,0.5,unknown
ATR_S2110C,ATR,S2110C,0.5,unknown
ATR_P2613S,ATR,P2613S,0.5,unknown
ATR_T2391A,ATR,T2391A,0.5,unknown
ATR_S1619F,ATR,S1619F,0.5,unknown
ATR_S1465Y,ATR,S1465Y,0.5,unknown
ATR_N1241S,ATR,N1241S,0.5,unknown
ATR_S553P,ATR,S553P,0.5,unknown
ATR_H2361N,ATR,H2361N,0.5,unknown
ATR_L769I,ATR,L769I,0.5,unknown
ATR_S684Y,ATR,S684Y,0.5,unknown
ATRX_L595H,ATRX,L595H,0.5,unknown
ATRX_L1807V,ATRX,L1807V,0.5,unknown
ATRX_P599Q,ATRX,P599Q,0.5,unknown
ATRX_V1797F,ATRX,V1797F,0.5,unknown
ATRX_D1264Y,ATRX,D1264Y,0.5,unknown
ATRX_S68L,ATRX,S68L,0.5,unknown
ATRX_D2455N,ATRX,D2455N,0.5,unknown
ATRX_L2044F,ATRX,L2044F,0.5,unknown
ATRX_R1190K,ATRX,R1190K,0.5,unknown
ATRX_E252D,ATRX,E252D,0.5,unknown
ATRX_G1368V,ATRX,G1368V,0.5,unknown
ATRX_G1682C,ATRX,G1682C,0.5,unknown
ATRX_K357T,ATRX,K357T,0.5,unknown
ATRX_E2333K,ATRX,E2333K,0.5,unknown
ATRX_H2260N,ATRX,H2260N,0.5,unknown
ATRX_S2317L,ATRX,S2317L,0.5,unknown
ATRX_S415F,ATRX,S415F,0.5,unknown
ATRX_R1427H,ATRX,R1427H,0.5,unknown
ATRX_L1284I,ATRX,L1284I,0.5,unknown
ATRX_D2004N,ATRX,D2004N,0.5,unknown
ATRX_S1292L,ATRX,S1292L,0.5,unknown
ATRX_K1018N,ATRX,K1018N,0.5,unknown
ATRX_S2046Y,ATRX,S2046Y,0.5,unknown
ATRX_I1911V,ATRX,I1911V,0.5,unknown
ATRX_S2256Y,ATRX,S2256Y,0.5,unknown
ATRX_K718T,ATRX,K718T,0.5,unknown
ATRX_D527N,ATRX,D527N,0.5,unknown
ATRX_R840I,ATRX,R840I,0.5,unknown
ATRX_P909L,ATRX,P909L,0.5,unknown
ATRX_S784F,ATRX,S784F,0.5,unknown
ATRX_F2210L,ATRX,F2210L,0.5,unknown
ATRX_P190H,ATRX,P190H,0.5,unknown
ATRX_D2191G,ATRX,D2191G,0.5,unknown
ATRX_Q2452L,ATRX,Q2452L,0.5,unknown
ATRX_V2037I,ATRX,V2037I,0.5,unknown
ATRX_H2244L,ATRX,H2244L,0.5,unknown
ATRX_S2121Y,ATRX,S2121Y,0.5,unknown
ATRX_S1352Y,ATRX,S1352Y,0.5,unknown
ATRX_C1718F,ATRX,C1718F,0.5,unknown
ATRX_A1790G,ATRX,A1790G,0.5,unknown
ATRX_L11F,ATRX,L11F,0.5,unknown
ATRX_T1146A,ATRX,T1146A,0.5,unknown
ATRX_I360N,ATRX,I360N,0.5,unknown
ATRX_R221K,ATRX,R221K,0.5,unknown
ATRX_S1108L,ATRX,S1108L,0.5,unknown
ATRX_S415P,ATRX,S415P,0.5,unknown
ATRX_V1181L,ATRX,V1181L,0.5,unknown
ATRX_Q2156H,ATRX,Q2156H,0.5,unknown
ATRX_T1172N,ATRX,T1172N,0.5,unknown
ATRX_D1199E,ATRX,D1199E,0.5,unknown
ATRX_N1975K,ATRX,N1975K,0.5,unknown
ATRX_L2241H,ATRX,L2241H,0.5,unknown
ATRX_E252Q,ATRX,E252Q,0.5,unknown
ATRX_E105D,ATRX,E105D,0.5,unknown
ATRX_A2167D,ATRX,A2167D,0.5,unknown
ATRX_H855D,ATRX,H855D,0.5,unknown
ATRX_M1596I,ATRX,M1596I,0.5,unknown
ATRX_K1185N,ATRX,K1185N,0.5,unknown
ATRX_R1803H,ATRX,R1803H,0.5,unknown
ATRX_D1212N,ATRX,D1212N,0.5,unknown
ATRX_G1945R,ATRX,G1945R,0.5,unknown
ATRX_S1895N,ATRX,S1895N,0.5,unknown
ATRX_R1093M,ATRX,R1093M,0.5,unknown
ATRX_S786F,ATRX,S786F,0.5,unknown
ATRX_E2325D,ATRX,E2325D,0.5,unknown
ATRX_P1750A,ATRX,P1750A,0.5,unknown
ATRX_A1272P,ATRX,A1272P,0.5,unknown
ATRX_T918N,ATRX,T918N,0.5,unknown
ATRX_M352R,ATRX,M352R,0.5,unknown
ATRX_T429K,ATRX,T429K,0.5,unknown
ATRX_I186V,ATRX,I186V,0.5,unknown
ATRX_G630V,ATRX,G630V,0.5,unknown
ATRX_S747T,ATRX,S747T,0.5,unknown
ATRX_S67Y,ATRX,S67Y,0.5,unknown
ATRX_N642T,ATRX,N642T,0.5,unknown
ATRX_R701L,ATRX,R701L,0.5,unknown
ATRX_G1677D,ATRX,G1677D,0.5,unknown
ATRX_D1287E,ATRX,D1287E,0.5,unknown
ATRX_E733K,ATRX,E733K,0.5,unknown
ATRX_E310Q,ATRX,E310Q,0.5,unknown
ATRX_T65P,ATRX,T65P,0.5,unknown
ATRX_K1899N,ATRX,K1899N,0.5,unknown
ATRX_S1991F,ATRX,S1991F,0.5,unknown
ATRX_R2164T,ATRX,R2164T,0.5,unknown
ATRX_A1690D,ATRX,A1690D,0.5,unknown
ATRX_K1640N,ATRX,K1640N,0.5,unknown
ATRX_R1190I,ATRX,R1190I,0.5,unknown
ATRX_I1216V,ATRX,I1216V,0.5,unknown
ATRX_A1526V,ATRX,A1526V,0.5,unknown
ATRX_T2427A,ATRX,T2427A,0.5,unknown
ATRX_Q1785E,ATRX,Q1785E,0.5,unknown
ATRX_R246C,ATRX,R246C,0.5,unknown
ATRX_E113K,ATRX,E113K,0.5,unknown
ATRX_G1152D,ATRX,G1152D,0.5,unknown
ATRX_P2229S,ATRX,P2229S,0.5,unknown
ATRX_R1512S,ATRX,R1512S,0.5,unknown
ATRX_R1417Q,ATRX,R1417Q,0.5,unknown
ATRX_S1245L,ATRX,S1245L,0.5,unknown
ATRX_R484K,ATRX,R484K,0.5,unknown
ATRX_V2345A,ATRX,V2345A,0.5,unknown
ATRX_P2232S,ATRX,P2232S,0.5,unknown
ATRX_S191L,ATRX,S191L,0.5,unknown
ATRX_D2144G,ATRX,D2144G,0.5,unknown
ATRX_K459E,ATRX,K459E,0.5,unknown
ATRX_K923T,ATRX,K923T,0.5,unknown
ATRX_A1249T,ATRX,A1249T,0.5,unknown
ATRX_S815F,ATRX,S815F,0.5,unknown
ATRX_E1308G,ATRX,E1308G,0.5,unknown
ATRX_H2260R,ATRX,H2260R,0.5,unknown
ATRX_R840K,ATRX,R840K,0.5,unknown
ATRX_D1051N,ATRX,D1051N,0.5,unknown
ATRX_S1205A,ATRX,S1205A,0.5,unknown
ATRX_M1596V,ATRX,M1596V,0.5,unknown
ATRX_R1803C,ATRX,R1803C,0.5,unknown
ATRX_S1125Y,ATRX,S1125Y,0.5,unknown
ATRX_K1801R,ATRX,K1801R,0.5,unknown
ATRX_K806N,ATRX,K806N,0.5,unknown
ATRX_T1928A,ATRX,T1928A,0.5,unknown
ATRX_P1711T,ATRX,P1711T,0.5,unknown
ATRX_S974G,ATRX,S974G,0.5,unknown
ATRX_T953A,ATRX,T953A,0.5,unknown
ATRX_M57I,ATRX,M57I,0.5,unknown
ATRX_R885T,ATRX,R885T,0.5,unknown
ATRX_R444Q,ATRX,R444Q,0.5,unknown
ATRX_P449A,ATRX,P449A,0.5,unknown
ATRX_V1952A,ATRX,V1952A,0.5,unknown
ATRX_F790V,ATRX,F790V,0.5,unknown
ATRX_L1628V,ATRX,L1628V,0.5,unknown
ATRX_G1787V,ATRX,G1787V,0.5,unknown
ATRX_T480K,ATRX,T480K,0.5,unknown
ATRX_S1732F,ATRX,S1732F,0.5,unknown
ATRX_R1698Q,ATRX,R1698Q,0.5,unknown
ATRX_G1599S,ATRX,G1599S,0.5,unknown
ATRX_G1015R,ATRX,G1015R,0.5,unknown
ATRX_G2088V,ATRX,G2088V,0.5,unknown
ATRX_S1054Y,ATRX,S1054Y,0.5,unknown
ATRX_R1144I,ATRX,R1144I,0.5,unknown
ATRX_K329N,ATRX,K329N,0.5,unknown
ATRX_E2281K,ATRX,E2281K,0.5,unknown
ATRX_T769S,ATRX,T769S,0.5,unknown
ATRX_V1568F,ATRX,V1568F,0.5,unknown
ATRX_V348E,ATRX,V348E,0.5,unknown
ATRX_A1593V,ATRX,A1593V,0.5,unknown
ATRX_K1424R,ATRX,K1424R,0.5,unknown
ATRX_R1342P,ATRX,R1342P,0.5,unknown
ATRX_K762N,ATRX,K762N,0.5,unknown
ATRX_S1251C,ATRX,S1251C,0.5,unknown
ATRX_T953P,ATRX,T953P,0.5,unknown
ATRX_C280R,ATRX,C280R,0.5,unknown
ATRX_P2448H,ATRX,P2448H,0.5,unknown
ATRX_G1771A,ATRX,G1771A,0.5,unknown
ATRX_G1692E,ATRX,G1692E,0.5,unknown
ATRX_T2286S,ATRX,T2286S,0.5,unknown
ATRX_S560F,ATRX,S560F,0.5,unknown
ATRX_D1222N,ATRX,D1222N,0.5,unknown
ATRX_E886D,ATRX,E886D,0.5,unknown
ATRX_K388N,ATRX,K388N,0.5,unknown
ATRX_G920C,ATRX,G920C,0.5,unknown
ATRX_E1909K,ATRX,E1909K,0.5,unknown
ATRX_P995L,ATRX,P995L,0.5,unknown
ATRX_D980N,ATRX,D980N,0.5,unknown
ATRX_D896H,ATRX,D896H,0.5,unknown
ATRX_E892K,ATRX,E892K,0.5,unknown
ATRX_P449S,ATRX,P449S,0.5,unknown
ATRX_D1647E,ATRX,D1647E,0.5,unknown
ATRX_R1817G,ATRX,R1817G,0.5,unknown
ATRX_R655I,ATRX,R655I,0.5,unknown
ATRX_L664F,ATRX,L664F,0.5,unknown
ATRX_R466I,ATRX,R466I,0.5,unknown
ATRX_G2284R,ATRX,G2284R,0.5,unknown
ATRX_T977A,ATRX,T977A,0.5,unknown
ATRX_R1512H,ATRX,R1512H,0.5,unknown
ATRX_D2177N,ATRX,D2177N,0.5,unknown
ATRX_I2124M,ATRX,I2124M,0.5,unknown
ATRX_Q1494K,ATRX,Q1494K,0.5,unknown
ATRX_A1086T,ATRX,A1086T,0.5,unknown
ATRX_L1846F,ATRX,L1846F,0.5,unknown
ATRX_E1904V,ATRX,E1904V,0.5,unknown
ATRX_A707V,ATRX,A707V,0.5,unknown
ATRX_S1442F,ATRX,S1442F,0.5,unknown
ATRX_D514Y,ATRX,D514Y,0.5,unknown
ATRX_L2207F,ATRX,L2207F,0.5,unknown
ATRX_K660T,ATRX,K660T,0.5,unknown
ATRX_N2103Y,ATRX,N2103Y,0.5,unknown
ATRX_S210N,ATRX,S210N,0.5,unknown
ATRX_V2127L,ATRX,V2127L,0.5,unknown
ATRX_E2203L,ATRX,E2203L,0.5,unknown
ATRX_G1071R,ATRX,G1071R,0.5,unknown
ATRX_L2409R,ATRX,L2409R,0.5,unknown
ATRX_A1282T,ATRX,A1282T,0.5,unknown
ATRX_K330T,ATRX,K330T,0.5,unknown
ATRX_R1335I,ATRX,R1335I,0.5,unknown
ATRX_M1907V,ATRX,M1907V,0.5,unknown
ATRX_S1996G,ATRX,S1996G,0.5,unknown
ATRX_K601E,ATRX,K601E,0.5,unknown
ATRX_T2339K,ATRX,T2339K,0.5,unknown
ATRX_E1445K,ATRX,E1445K,0.5,unknown
ATRX_S1331Y,ATRX,S1331Y,0.5,unknown
ATRX_D2352N,ATRX,D2352N,0.5,unknown
ATRX_R781Q,ATRX,R781Q,0.5,unknown
ATRX_E1502G,ATRX,E1502G,0.5,unknown
ATRX_S1205Y,ATRX,S1205Y,0.5,unknown
ATRX_R1514Q,ATRX,R1514Q,0.5,unknown
ATRX_R1342W,ATRX,R1342W,0.5,unknown
ATRX_K1935E,ATRX,K1935E,0.5,unknown
ATRX_H544D,ATRX,H544D,0.5,unknown
ATRX_D214G,ATRX,D214G,0.5,unknown
ATRX_E2025K,ATRX,E2025K,0.5,unknown
ATRX_D456N,ATRX,D456N,0.5,unknown
ATRX_E505K,ATRX,E505K,0.5,unknown
ATRX_S2355L,ATRX,S2355L,0.5,unknown
ATRX_S1379L,ATRX,S1379L,0.5,unknown
ATRX_G859E,ATRX,G859E,0.5,unknown
ATRX_E1464K,ATRX,E1464K,0.5,unknown
ATRX_S692L,ATRX,S692L,0.5,unknown
ATRX_A2431T,ATRX,A2431T,0.5,unknown
ATRX_I168S,ATRX,I168S,0.5,unknown
ATRX_G2120A,ATRX,G2120A,0.5,unknown
ATRX_D1486Y,ATRX,D1486Y,0.5,unknown
ATRX_D115Y,ATRX,D115Y,0.5,unknown
ATRX_G75R,ATRX,G75R,0.5,unknown
ATRX_P2471R,ATRX,P2471R,0.5,unknown
ATRX_E259L,ATRX,E259L,0.5,unknown
ATRX_S2220L,ATRX,S2220L,0.5,unknown
ATRX_R1742M,ATRX,R1742M,0.5,unknown
ATRX_L664V,ATRX,L664V,0.5,unknown
ATRX_C1107G,ATRX,C1107G,0.5,unknown
ATRX_L2241F,ATRX,L2241F,0.5,unknown
ATRX_L413V,ATRX,L413V,0.5,unknown
ATRX_E410D,ATRX,E410D,0.5,unknown
ATRX_I1533V,ATRX,I1533V,0.5,unknown
ATRX_M1761I,ATRX,M1761I,0.5,unknown
ATRX_C1575F,ATRX,C1575F,0.5,unknown
ATRX_E687K,ATRX,E687K,0.5,unknown
ATRX_K10N,ATRX,K10N,0.5,unknown
ATRX_A443E,ATRX,A443E,0.5,unknown
ATRX_T172S,ATRX,T172S,0.5,unknown
ATRX_E1500K,ATRX,E1500K,0.5,unknown
ATRX_P2068T,ATRX,P2068T,0.5,unknown
ATRX_P663L,ATRX,P663L,0.5,unknown
ATRX_K427R,ATRX,K427R,0.5,unknown
ATRX_V524G,ATRX,V524G,0.5,unknown
ATRX_Q1416R,ATRX,Q1416R,0.5,unknown
ATRX_D1126H,ATRX,D1126H,0.5,unknown
ATRX_N1123K,ATRX,N1123K,0.5,unknown
ATRX_Q503E,ATRX,Q503E,0.5,unknown
ATRX_R658C,ATRX,R658C,0.5,unknown
ATRX_G167V,ATRX,G167V,0.5,unknown
ATRX_E2239K,ATRX,E2239K,0.5,unknown
ATRX_H638N,ATRX,H638N,0.5,unknown
ATRX_R2153S,ATRX,R2153S,0.5,unknown
ATRX_M2287I,ATRX,M2287I,0.5,unknown
ATRX_A238G,ATRX,A238G,0.5,unknown
ATRX_S930R,ATRX,S930R,0.5,unknown
ATRX_R246H,ATRX,R246H,0.5,unknown
ATRX_S344P,ATRX,S344P,0.5,unknown
ATRX_R2332I,ATRX,R2332I,0.5,unknown
ATRX_Q1788H,ATRX,Q1788H,0.5,unknown
ATRX_R2197H,ATRX,R2197H,0.5,unknown
ATRX_S1737Y,ATRX,S1737Y,0.5,unknown
ATRX_L2327V,ATRX,L2327V,0.5,unknown
ATRX_I2408V,ATRX,I2408V,0.5,unknown
ATRX_C1576F,ATRX,C1576F,0.5,unknown
ATRX_A2367S,ATRX,A2367S,0.5,unknown
ATRX_C1531R,ATRX,C1531R,0.5,unknown
ATRX_E1218V,ATRX,E1218V,0.5,unknown
ATRX_M1635T,ATRX,M1635T,0.5,unknown
ATRX_D2052V,ATRX,D2052V,0.5,unknown
ATRX_G1813E,ATRX,G1813E,0.5,unknown
ATRX_G2331E,ATRX,G2331E,0.5,unknown
ATRX_K61M,ATRX,K61M,0.5,unknown
ATRX_H24N,ATRX,H24N,0.5,unknown
ATRX_L1598I,ATRX,L1598I,0.5,unknown
ATRX_S550I,ATRX,S550I,0.5,unknown
ATRX_A345T,ATRX,A345T,0.5,unknown
ATRX_W1887C,ATRX,W1887C,0.5,unknown
ATRX_N1438K,ATRX,N1438K,0.5,unknown
ATRX_L1613W,ATRX,L1613W,0.5,unknown
ATRX_E1113D,ATRX,E1113D,0.5,unknown
ATRX_N636T,ATRX,N636T,0.5,unknown
ATRX_E91K,ATRX,E91K,0.5,unknown
ATRX_T1749I,ATRX,T1749I,0.5,unknown
ATRX_E447K,ATRX,E447K,0.5,unknown
ATRX_I1744N,ATRX,I1744N,0.5,unknown
ATRX_S29Y,ATRX,S29Y,0.5,unknown
ATRX_S1109L,ATRX,S1109L,0.5,unknown
ATRX_G1350R,ATRX,G1350R,0.5,unknown
ATRX_V895I,ATRX,V895I,0.5,unknown
ATRX_S26L,ATRX,S26L,0.5,unknown
ATRX_Q1848K,ATRX,Q1848K,0.5,unknown
ATRX_V1731F,ATRX,V1731F,0.5,unknown
ATRX_S1155L,ATRX,S1155L,0.5,unknown
ATRX_K494N,ATRX,K494N,0.5,unknown
ATRX_R666Q,ATRX,R666Q,0.5,unknown
ATRX_E2105D,ATRX,E2105D,0.5,unknown
ATRX_S1578F,ATRX,S1578F,0.5,unknown
ATRX_R907Q,ATRX,R907Q,0.5,unknown
ATRX_D877N,ATRX,D877N,0.5,unknown
ATRX_E1397K,ATRX,E1397K,0.5,unknown
ATRX_S594F,ATRX,S594F,0.5,unknown
ATRX_F1776Y,ATRX,F1776Y,0.5,unknown
ATRX_K1650E,ATRX,K1650E,0.5,unknown
ATRX_V640I,ATRX,V640I,0.5,unknown
MRE11_Q532E,MRE11,Q532E,0.0686,unknown
MRE11_P203S,MRE11,P203S,0.9489,unknown
MRE11_R570K,MRE11,R570K,0.1286,unknown
MRE11_V167I,MRE11,V167I,0.0619,unknown
MRE11_I340T,MRE11,I340T,0.1546,unknown
MRE11_F399L,MRE11,F399L,0.6518,unknown
MRE11_E410K,MRE11,E410K,0.0801,unknown
MRE11_V429A,MRE11,V429A,0.9331,unknown
MRE11_S586L,MRE11,S586L,0.0806,unknown
MRE11_I340F,MRE11,I340F,0.5569,unknown
MRE11_A177V,MRE11,A177V,0.8728,unknown
MRE11_K293N,MRE11,K293N,0.3837,unknown
MRE11_L301F,MRE11,L301F,0.8931,unknown
MRE11_R349W,MRE11,R349W,0.1294,unknown
MRE11_G182R,MRE11,G182R,0.9974,unknown
MRE11_A279T,MRE11,A279T,0.1069,unknown
MRE11_P300S,MRE11,P300S,0.1322,unknown
MRE11_P253S,MRE11,P253S,0.62,unknown
MRE11_P166L,MRE11,P166L,0.956,unknown
MRE11_E411K,MRE11,E411K,0.0904,unknown
MRE11_A492V,MRE11,A492V,0.1418,unknown
MRE11_D186N,MRE11,D186N,0.9108,unknown
MRE11_V680I,MRE11,V680I,0.0609,unknown
MRE11_G59C,MRE11,G59C,0.9941,unknown
MRE11_I55L,MRE11,I55L,0.1004,unknown
MRE11_S584L,MRE11,S584L,0.0689,unknown
MRE11_V38A,MRE11,V38A,0.1434,unknown
MRE11_N295S,MRE11,N295S,0.0856,unknown
MRE11_R604C,MRE11,R604C,0.1032,unknown
MRE11_R633Q,MRE11,R633Q,0.0796,unknown
MRE11_A279P,MRE11,A279P,0.9775,unknown
MRE11_R351H,MRE11,R351H,0.0736,unknown
MRE11_S355F,MRE11,S355F,0.0959,unknown
MRE11_R45I,MRE11,R45I,0.1414,unknown
MRE11_G85D,MRE11,G85D,0.7782,unknown
MRE11_G134W,MRE11,G134W,0.9924,unknown
MRE11_L485F,MRE11,L485F,0.9592,unknown
MRE11_R288H,MRE11,R288H,0.0639,unknown
MRE11_E207L,MRE11,E207L,0.3211,unknown
MRE11_P326S,MRE11,P326S,0.2525,unknown
MRE11_P203Q,MRE11,P203Q,0.9796,unknown
MRE11_L274P,MRE11,L274P,0.9759,unknown
MRE11_D622Y,MRE11,D622Y,0.4199,unknown
MRE11_S531Y,MRE11,S531Y,0.1301,unknown
MRE11_D368Y,MRE11,D368Y,0.7546,unknown
MRE11_D163N,MRE11,D163N,0.1066,unknown
MRE11_R503H,MRE11,R503H,0.0665,unknown
MRE11_P657S,MRE11,P657S,0.0716,unknown
MRE11_N100D,MRE11,N100D,0.5314,unknown
MRE11_T658I,MRE11,T658I,0.0826,unknown
MRE11_W108L,MRE11,W108L,0.2565,unknown
MRE11_S632F,MRE11,S632F,0.1447,unknown
MRE11_H63Y,MRE11,H63Y,0.9825,unknown
MRE11_S558F,MRE11,S558F,0.2744,unknown
MRE11_R572Q,MRE11,R572Q,0.163,unknown
MRE11_G588R,MRE11,G588R,0.2195,unknown
MRE11_D491N,MRE11,D491N,0.1382,unknown
MRE11_Q591E,MRE11,Q591E,0.1449,unknown
MRE11_K81Q,MRE11,K81Q,0.1042,unknown
MRE11_G683R,MRE11,G683R,0.2766,unknown
MRE11_D41N,MRE11,D41N,0.082,unknown
MRE11_Q259R,MRE11,Q259R,0.2003,unknown
MRE11_L168S,MRE11,L168S,0.9497,unknown
MRE11_A440T,MRE11,A440T,0.1744,unknown
MRE11_E359D,MRE11,E359D,0.0968,unknown
MRE11_E494K,MRE11,E494K,0.7322,unknown
